5/31/2007,,,,2280.25,1463.35
6/1/2007,,,,2288.62,1468.72
6/4/2007,,,,2292.63,1471.25
6/5/2007,,,,2280.48,1463.39
6/6/2007,,,,2260.74,1450.36
6/7/2007,,,,2220.88,1424.72
6/8/2007,,,,2245.82,1440.71
6/11/2007,,,,2247.74,1441.92
6/12/2007,,,,2223.41,1426.31
6/13/2007,,,,2257.96,1448.12
6/14/2007,,,,2269,1455.11
6/15/2007,,,,2283.87,1464.65
6/18/2007,,,,2280.84,1462.69
6/19/2007,,,,2284.82,1465.23
6/20/2007,,,,2253.56,1445.15
6/21/2007,,,,2267.92,1454.03
6/22/2007,,,,2238.54,1435.2
6/25/2007,,,,2231.18,1430.48
6/26/2007,,,,2224,1425.83
6/27/2007,,,,2244.35,1438.58
6/28/2007,,,,2243.44,1437.98
6/29/2007,,,,2239.97,1435.75
7/2/2007,,,,2263.65,1450.91
7/3/2007,,,,2272.09,1456.03
7/5/2007,,,,2272.69,1456.4
7/6/2007,,,,2280.62,1461.07
7/9/2007,,,,2282.62,1462.34
7/10/2007,,,,2250.29,1441.63
7/11/2007,,,,2263.02,1449.61
7/12/2007,,,,2305.31,1476.69
7/13/2007,,,,2312.24,1481.11
7/16/2007,,,,2307.75,1478.23
7/17/2007,,,,2307.35,1477.98
7/18/2007,,,,2302.71,1474.85
7/19/2007,,,,2312.68,1481.21
7/20/2007,,,,2284.92,1463.42
7/23/2007,,,,2295.73,1470.31
7/24/2007,,,,2251.13,1441.75
7/25/2007,,,,2261.54,1448.4
7/26/2007,,,,2209.44,1415.03
7/27/2007,,,,2174.59,1392.5
7/30/2007,,,,2196.57,1406.54
7/31/2007,,,,2169.1,1388.94
8/1/2007,,,,2184.8,1398.91
8/2/2007,,,,2194.71,1404.92
8/3/2007,,,,2136.56,1367.61
8/6/2007,,,,2187.78,1400.37
8/7/2007,,,,2201.16,1408.88
8/8/2007,,,,2232.41,1428.4
8/9/2007,,,,2167.24,1386.43
8/10/2007,,,,2168.1,1386.98
8/13/2007,,,,2167.09,1386.12
8/14/2007,,,,2127.46,1360.61
8/15/2007,,,,2097.48,1341.04
8/16/2007,,,,2104.03,1345.16
8/17/2007,,,,2156.94,1379.01
8/20/2007,,,,2156.15,1378.5
8/21/2007,,,,2158.4,1379.93
8/22/2007,,,,2184.07,1396.26
8/23/2007,,,,2181.61,1394.68
8/24/2007,,,,2206.99,1410.77
8/27/2007,,,,2187.93,1398.57
8/28/2007,,,,2136.39,1365.56
8/29/2007,,,,2183.94,1395.6
8/30/2007,,,,2174.83,1389.7
8/31/2007,,,,2199.31,1405.31
9/4/2007,,,,2222.1,1419.85
9/5/2007,,,,2197.32,1403.37
9/6/2007,,,,2206.77,1409.15
9/7/2007,,,,2169.45,1385.33
9/10/2007,,,,2166.59,1383.45
9/11/2007,,,,2195.74,1402.07
9/12/2007,,,,2196.25,1402.03
9/13/2007,,,,2214.33,1413.49
9/14/2007,,,,2214.66,1413.7
9/17/2007,,,,2203.27,1406.42
9/18/2007,,,,2266.57,1446.8
9/19/2007,,,,2279.48,1455.01
9/20/2007,,,,2264.25,1445
9/21/2007,,,,2274.3,1451.41
9/24/2007,,,,2262.57,1443.92
9/25/2007,,,,2261.67,1443.33
9/26/2007,,,,2273.88,1450.86
9/27/2007,,,,2282.3,1456.18
9/28/2007,,,,2275.22,1451.66
10/1/2007,,,,2305.52,1470.98
10/2/2007,,,,2304.96,1470.61
10/3/2007,,,,2294.8,1463.84
10/4/2007,,,,2299.49,1466.81
10/5/2007,,,,2322.19,1480.86
10/8/2007,,,,2314.89,1476.2
10/9/2007,,,,2333.72,1488.19
10/10/2007,,,,2329.48,1485.38
10/11/2007,,,,2317.24,1477.49
10/12/2007,,,,2328.45,1484.63
10/15/2007,,,,2308.64,1471.99
10/16/2007,,,,2293.48,1462.31
10/17/2007,,,,2297.58,1464.8
10/18/2007,,,,2295.69,1463.56
10/19/2007,,,,2236.92,1426.09
10/22/2007,,,,2245.1,1431.26
10/23/2007,,,,2264.98,1443.95
10/24/2007,,,,2259.41,1440.38
10/25/2007,,,,2257.26,1438.99
10/26/2007,,,,2288.08,1458.64
10/29/2007,,,,2296.68,1463.92
10/30/2007,,,,2282.02,1454.54
10/31/2007,,,,2309,1471.67
11/1/2007,,,,2248.31,1432.63
11/2/2007,,,,2250.37,1433.88
11/5/2007,,,,2239.26,1426.68
11/6/2007,,,,2266.52,1444.04
11/7/2007,,,,2202.23,1402.34
11/8/2007,,,,2201.17,1401.61
11/9/2007,,,,2170.14,1381.8
11/12/2007,,,,2147.15,1367.15
11/13/2007,,,,2210.5,1407.03
11/14/2007,,,,2196.26,1397.63
11/15/2007,,,,2167.15,1379.02
11/16/2007,,,,2178.4,1386.15
11/19/2007,,,,2141.01,1362.33
11/20/2007,,,,2151.92,1369.22
11/21/2007,,,,2119,1348.2
11/23/2007,,,,2153.78,1370.19
11/26/2007,,,,2105.36,1339.38
11/27/2007,,,,2136.27,1358.99
11/28/2007,,,,2195.4,1396.16
11/29/2007,,,,2196.63,1396.85
11/30/2007,,,,2212.7,1407.04
12/3/2007,,,,2199.59,1398.66
12/4/2007,,,,2185.33,1389.59
12/5/2007,,,,2219.46,1410.55
12/6/2007,,,,2252.99,1431.73
12/7/2007,,,,2248.68,1428.97
12/10/2007,,,,2265.33,1439.5
12/11/2007,,,,2207.92,1403
12/12/2007,,,,2221.56,1411.49
12/13/2007,,,,2224.46,1413.28
12/14/2007,,,,2193.71,1393.66
12/17/2007,,,,2160.1,1372.27
12/18/2007,,,,2174.05,1381.12
12/19/2007,,,,2170.99,1379.13
12/20/2007,,,,2182.22,1385.89
12/21/2007,,,,2219.83,1409.56
12/24/2007,,,,2237.98,1421.08
12/26/2007,,,,2239.6,1422.09
12/27/2007,,,,2207.91,1401.64
12/28/2007,,,,2211.07,1403.64
12/31/2007,,,,2195.76,1393.88
1/2/2008,,,,2164.39,1373.68
1/3/2008,,,,2164.17,1373.54
1/4/2008,,,,2111.5,1340.12
1/7/2008,,,,2117.81,1344.11
1/8/2008,,,,2079.74,1319.51
1/9/2008,,,,2107.78,1337.19
1/10/2008,,,,2124.79,1347.96
1/11/2008,,,,2096.39,1329.87
1/14/2008,,,,2119.31,1344.41
1/15/2008,,,,2067.17,1311.32
1/16/2008,,,,2054.38,1303.05
1/17/2008,,,,1994.98,1265.32
1/18/2008,,,,1982.08,1257.11
1/22/2008,,,,1959.7,1242.91
1/23/2008,,,,2001.04,1269.09
1/24/2008,,,,2023.25,1283.16
1/25/2008,,,,1991.21,1262.82
1/28/2008,,,,2027.28,1285.69
1/29/2008,,,,2039.47,1293.35
1/30/2008,,,,2030.23,1287.41
1/31/2008,,,,2064.46,1308.9
2/1/2008,,,,2089.77,1324.95
2/4/2008,,,,2068.33,1311.33
2/5/2008,,,,2001.56,1268.88
2/6/2008,,,,1986.89,1259.07
2/7/2008,,,,2002.65,1268.73
2/8/2008,,,,1994.12,1263.31
2/11/2008,,,,2006.39,1271.01
2/12/2008,,,,2021.77,1280.71
2/13/2008,,,,2050.44,1298.37
2/14/2008,,,,2022.83,1280.84
2/15/2008,,,,2024.89,1282.08
2/19/2008,,,,2023.53,1281.11
2/20/2008,,,,2040.5,1291.77
2/21/2008,,,,2015.28,1275.39
2/22/2008,,,,2031.5,1285.52
2/25/2008,,,,2059.75,1303.37
2/26/2008,,,,2074.01,1312.39
2/27/2008,,,,2072.57,1311.21
2/28/2008,,,,2054.76,1299.81
2/29/2008,,,,2000.64,1265.54
3/3/2008,,,,2001.78,1266.23
3/4/2008,,,,1995,1261.93
3/5/2008,,,,2006.44,1268.54
3/6/2008,,,,1963.04,1240.92
3/7/2008,,,,1946.65,1230.53
3/10/2008,,,,1917.08,1211.79
3/11/2008,,,,1987.53,1256.28
3/12/2008,,,,1970.86,1245.4
3/13/2008,,,,1980.89,1251.7
3/14/2008,,,,1940.91,1226.41
3/17/2008,,,,1925.34,1216.41
3/18/2008,,,,2003.9,1266.01
3/19/2008,,,,1956.97,1236.34
3/20/2008,,,,2002.41,1265.02
3/24/2008,,,,2033.03,1284.36
3/25/2008,,,,2037.31,1287.07
3/26/2008,,,,2019.96,1276.07
3/27/2008,,,,1998.18,1262.06
3/28/2008,,,,1983.03,1252.43
3/31/2008,,,,1994.17,1259.46
4/1/2008,,,,2066.81,1305.33
4/2/2008,,,,2063.19,1302.78
4/3/2008,,,,2065.86,1304.46
4/4/2008,,,,2067.09,1305.22
4/7/2008,,,,2070.72,1307.5
4/8/2008,,,,2060.71,1300.73
4/9/2008,,,,2043.96,1290.06
4/10/2008,,,,2053.25,1295.87
4/11/2008,,,,2011.4,1269.37
4/14/2008,,,,2004.88,1265.24
4/15/2008,,,,2014.21,1271.12
4/16/2008,,,,2059.85,1299.78
4/17/2008,,,,2061.52,1300.79
4/18/2008,,,,2100.03,1325.07
4/21/2008,,,,2095.81,1322.39
4/22/2008,,,,2077.19,1310.63
4/23/2008,,,,2083.8,1314.78
4/24/2008,,,,2098.42,1323.98
4/25/2008,,,,2112.56,1332.89
4/28/2008,,,,2110.77,1331.7
4/29/2008,,,,2102.84,1326.66
4/30/2008,,,,2095.06,1321.69
5/1/2008,,,,2131.58,1344.48
5/2/2008,,,,2138.58,1348.89
5/5/2008,,,,2128.97,1342.71
5/6/2008,,,,2145.36,1353
5/7/2008,,,,2107.51,1328.57
5/8/2008,,,,2115.47,1333.52
5/9/2008,,,,2101.64,1324.53
5/12/2008,,,,2125.18,1339.34
5/13/2008,,,,2125.04,1338.94
5/14/2008,,,,2134.15,1344.44
5/15/2008,,,,2157.26,1358.75
5/16/2008,,,,2159.82,1360.33
5/19/2008,,,,2162.23,1361.8
5/20/2008,,,,2141.89,1349.01
5/21/2008,,,,2107.9,1327.53
5/22/2008,,,,2113.89,1331.05
5/23/2008,,,,2086.43,1313.75
5/27/2008,,,,2100.98,1322.89
5/28/2008,,,,2109.82,1328.19
5/29/2008,,,,2121.53,1335.39
5/30/2008,,,,2124.85,1337.46
6/2/2008,,,,2102.4,1323.3
6/3/2008,,,,2090.36,1315.67
6/4/2008,,,,2090.89,1315.34
6/5/2008,,,,2132.18,1341.21
6/6/2008,,,,2067.45,1300.36
6/9/2008,,,,2069.38,1301.53
6/10/2008,,,,2063.37,1297.73
6/11/2008,,,,2029.3,1276.03
6/12/2008,,,,2035.73,1279.98
6/13/2008,,,,2066.45,1299.25
6/16/2008,,,,2067.39,1299.85
6/17/2008,,,,2053.53,1291.13
6/18/2008,,,,2033.74,1278.67
6/19/2008,,,,2041.89,1283.45
6/20/2008,,,,2005.19,1260.38
6/23/2008,,,,2004.45,1259.91
6/24/2008,,,,1999.77,1256.96
6/25/2008,,,,2011.44,1264.23
6/26/2008,,,,1955.29,1228.59
6/27/2008,,,,1948.3,1224.16
6/30/2008,,,,1951.11,1225.92
7/1/2008,,,,1959.19,1230.76
7/2/2008,,,,1924.07,1208.63
7/3/2008,,,,1925.92,1209.77
7/7/2008,,,,1909.81,1199.62
7/8/2008,,,,1943.59,1220.38
7/9/2008,,,,1899.62,1192.64
7/10/2008,,,,1913.17,1201.15
7/11/2008,,,,1892.73,1188.23
7/14/2008,,,,1875.94,1177.69
7/15/2008,,,,1856.32,1165.36
7/16/2008,,,,1902.05,1193.91
7/17/2008,,,,1925.07,1208.33
7/18/2008,,,,1925.66,1208.69
7/21/2008,,,,1924.93,1208.2
7/22/2008,,,,1950.86,1224.45
7/23/2008,,,,1958.92,1229.49
7/24/2008,,,,1913.58,1201.01
7/25/2008,,,,1921.72,1206.1
7/28/2008,,,,1886.43,1183.96
7/29/2008,,,,1930.53,1211.52
7/30/2008,,,,1963.23,1231.96
7/31/2008,,,,1937.69,1215.69
8/1/2008,,,,1926.94,1208.95
8/4/2008,,,,1909.94,1198.26
8/5/2008,,,,1965.37,1232.91
8/6/2008,,,,1973.24,1237.27
8/7/2008,,,,1937.72,1214.88
8/8/2008,,,,1985.78,1245
8/11/2008,,,,2000.9,1254.16
8/12/2008,,,,1976.36,1238.71
8/13/2008,,,,1971.28,1235.09
8/14/2008,,,,1982.78,1242.26
8/15/2008,,,,1992.29,1248.03
8/18/2008,,,,1960.81,1228.23
8/19/2008,,,,1941.8,1216.21
8/20/2008,,,,1954.81,1224.28
8/21/2008,,,,1960.04,1227.49
8/22/2008,,,,1983.84,1242.23
8/25/2008,,,,1943.27,1216.81
8/26/2008,,,,1951.07,1221.66
8/27/2008,,,,1968,1232.05
8/28/2008,,,,1999.31,1251.44
8/29/2008,,,,1970.54,1233.37
9/2/2008,,,,1962.42,1228.24
9/3/2008,,,,1959.51,1225.79
9/4/2008,,,,1899.64,1188.3
9/5/2008,,,,1907.9,1193.42
9/8/2008,,,,1948.83,1218.81
9/9/2008,,,,1879.28,1175.3
9/10/2008,,,,1891.15,1182.65
9/11/2008,,,,1918.92,1199.6
9/12/2008,,,,1924.27,1202.96
9/15/2008,,,,1830.86,1144.56
9/16/2008,,,,1864.23,1165.4
9/17/2008,,,,1775.11,1109.67
9/18/2008,,,,1857.41,1160.77
9/19/2008,,,,1932.81,1207.9
9/22/2008,,,,1859.43,1162.02
9/23/2008,,,,1831.23,1144.39
9/24/2008,,,,1827.03,1141.74
9/25/2008,,,,1863.12,1164.29
9/26/2008,,,,1869.03,1167.72
9/29/2008,,,,1700.45,1062.31
9/30/2008,,,,1789.59,1117.93
10/1/2008,,,,1778.32,1110.73
10/2/2008,,,,1704.09,1064.17
10/3/2008,,,,1679.19,1048.6
10/6/2008,,,,1609.84,1005.26
10/7/2008,,,,1516.39,946.9
10/8/2008,,,,1501.42,937.03
10/9/2008,,,,1382.22,862.62
10/10/2008,,,,1360.57,849.01
10/13/2008,,,,1527.2,953.01
10/14/2008,,,,1519.39,948.12
10/15/2008,,,,1375.15,858.02
10/16/2008,,,,1431.46,893.1
10/17/2008,,,,1422.78,887.68
10/20/2008,,,,1491.95,930.82
10/21/2008,,,,1439.57,898.12
10/22/2008,,,,1335.13,832.72
10/23/2008,,,,1353.4,844.09
10/24/2008,,,,1295.54,807.97
10/27/2008,,,,1236.08,770.84
10/28/2008,,,,1395.66,870.38
10/29/2008,,,,1389.75,866.61
10/30/2008,,,,1430.39,891.77
10/31/2008,,,,1450.68,904.4
11/3/2008,,,,1447.45,902.37
11/4/2008,,,,1505.09,938.3
11/5/2008,,,,1428.63,890.11
11/6/2008,,,,1357.31,845.43
11/7/2008,,,,1396.54,869.57
11/10/2008,,,,1379.47,858.82
11/11/2008,,,,1347.27,838.75
11/12/2008,,,,1277.09,794.69
11/13/2008,,,,1367.46,850.83
11/14/2008,,,,1311.59,815.93
11/17/2008,,,,1277.41,794.63
11/18/2008,,,,1290.29,802.48
11/19/2008,,,,1211.69,753.52
11/20/2008,,,,1127.1,700.85
11/21/2008,,,,1199.53,745.74
11/24/2008,,,,1282.91,797.62
11/25/2008,,,,1293.39,804.04
11/26/2008,,,,1337.5,831.13
11/28/2008,,,,1348.61,837.96
12/1/2008,,,,1227.37,762.58
12/2/2008,,,,1277.57,793.71
12/3/2008,,,,1311.15,814.14
12/4/2008,,,,1272.88,790.34
12/5/2008,,,,1318.76,818.81
12/8/2008,,,,1369.24,850.02
12/9/2008,,,,1338.03,830.62
12/10/2008,,,,1353.84,840.35
12/11/2008,,,,1317.16,817.38
12/12/2008,,,,1326.27,823.05
12/15/2008,,,,1311.41,813.82
12/16/2008,,,,1373.77,852.51
12/17/2008,,,,1361.1,844.65
12/18/2008,,,,1335.82,828.95
12/19/2008,,,,1338.93,830.82
12/22/2008,,,,1316.82,817.04
12/23/2008,,,,1305.56,809.9
12/24/2008,,,,1313.1,814.24
12/26/2008,,,,1319.68,818.33
12/29/2008,,,,1315.99,815.83
12/30/2008,,,,1344.76,833.5
12/31/2008,,,,1362.14,844.22
1/2/2009,,,,1405.58,870.98
1/5/2009,,,,1400.07,867.55
1/6/2009,,,,1412.19,875.05
1/7/2009,,,,1369.01,847.8
1/8/2009,,,,1373.73,850.69
1/9/2009,,,,1343.9,832.2
1/12/2009,,,,1312.2,812.56
1/13/2009,,,,1314.22,813.74
1/14/2009,,,,1267.96,785.02
1/15/2009,,,,1269.22,785.76
1/16/2009,,,,1280.79,792.94
1/20/2009,,,,1205.83,746.5
1/21/2009,,,,1262.93,781.66
1/22/2009,,,,1243.04,769.32
1/23/2009,,,,1248.77,772.86
1/26/2009,,,,1259.24,779.36
1/27/2009,,,,1274.14,788.59
1/28/2009,,,,1319.75,816.72
1/29/2009,,,,1272.92,787.66
1/30/2009,,,,1239.51,766.96
2/2/2009,,,,1239.03,766.65
2/3/2009,,,,1258.35,778.59
2/4/2009,,,,1250.05,772.89
2/5/2009,,,,1270.58,785.53
2/6/2009,,,,1305.17,806.59
2/9/2009,,,,1306.1,807.15
2/10/2009,,,,1243.18,768.25
2/11/2009,,,,1253.63,774.36
2/12/2009,,,,1256.27,775.79
2/13/2009,,,,1243.81,768.03
2/17/2009,,,,1186.51,732.47
2/18/2009,,,,1185.41,731.63
2/19/2009,,,,1172.48,723.2
2/20/2009,,,,1158.76,714.56
2/23/2009,,,,1119.1,690.11
2/24/2009,,,,1164.41,718.05
2/25/2009,,,,1151.86,710.12
2/26/2009,,,,1134.24,699.12
2/27/2009,,,,1106.9,682.23
3/2/2009,,,,1054.87,650.15
3/3/2009,,,,1047.99,645.91
3/4/2009,,,,1073.58,661.43
3/5/2009,,,,1027.46,632.97
3/6/2009,,,,1029.68,634.19
3/9/2009,,,,1019.34,627.74
3/10/2009,,,,1084.91,668.08
3/11/2009,,,,1087.83,669.66
3/12/2009,,,,1132.05,696.76
3/13/2009,,,,1140.52,701.96
3/16/2009,,,,1136.38,699.4
3/17/2009,,,,1172.22,721.44
3/18/2009,,,,1195.28,735.62
3/19/2009,,,,1176.91,724.36
3/20/2009,,,,1155.92,711.41
3/23/2009,,,,1232.92,758.65
3/24/2009,,,,1209.58,744.27
3/25/2009,,,,1220.46,750.96
3/26/2009,,,,1247.12,767.36
3/27/2009,,,,1225.64,753.99
3/30/2009,,,,1185.63,729.33
3/31/2009,,,,1199.89,738.11
4/1/2009,,,,1220.06,750.37
4/2/2009,,,,1254.39,771.45
4/3/2009,,,,1266.57,778.93
4/6/2009,,,,1256.28,772.56
4/7/2009,,,,1227.63,754.45
4/8/2009,,,,1242.22,763.39
4/9/2009,,,,1289.79,792.61
4/13/2009,,,,1292.44,794.18
4/14/2009,,,,1266.92,778.48
4/15/2009,,,,1283.38,788.57
4/16/2009,,,,1303.4,800.85
4/17/2009,,,,1311.11,805.58
4/20/2009,,,,1254.7,770.89
4/21/2009,,,,1281.86,787.58
4/22/2009,,,,1271.73,781.2
4/23/2009,,,,1284.44,788.99
4/24/2009,,,,1304.75,801.49
4/27/2009,,,,1292.48,793.94
4/28/2009,,,,1289.31,791.96
4/29/2009,,,,1316.05,808.3
4/30/2009,,,,1315.03,807.62
5/1/2009,,,,1322.17,811.99
5/4/2009,,,,1366.58,839.27
5/5/2009,,,,1361.65,836.13
5/6/2009,,,,1385.93,850.74
5/7/2009,,,,1367.27,839.25
5/8/2009,,,,1399.32,858.92
5/11/2009,,,,1369.61,840.4
5/12/2009,,,,1368.27,839.54
5/13/2009,,,,1333.14,817.64
5/14/2009,,,,1346.82,825.93
5/15/2009,,,,1332.04,816.72
5/18/2009,,,,1372.07,841.18
5/19/2009,,,,1369.46,839.45
5/20/2009,,,,1362.11,834.91
5/21/2009,,,,1340.58,821.47
5/22/2009,,,,1338.31,820.1
5/26/2009,,,,1371.75,840.58
5/27/2009,,,,1347.44,825.53
5/28/2009,,,,1367.41,837.63
5/29/2009,,,,1384.04,847.85
6/1/2009,,,,1419.86,869.76
6/2/2009,,,,1422.28,871.24
6/3/2009,,,,1403.35,859.47
6/4/2009,,,,1419.66,869.29
6/5/2009,,,,1416.6,867.37
6/8/2009,,,,1415.84,866.7
6/9/2009,,,,1420.57,869.57
6/10/2009,,,,1415.67,866.53
6/11/2009,,,,1424.64,871.79
6/12/2009,,,,1426.93,873.16
6/15/2009,,,,1392.78,852.25
6/16/2009,,,,1374.72,841.2
6/17/2009,,,,1372.82,840.02
6/18/2009,,,,1384.85,847.27
6/19/2009,,,,1389.24,849.95
6/22/2009,,,,1346.17,823.47
6/23/2009,,,,1349.69,825.62
6/24/2009,,,,1358.7,831.11
6/25/2009,,,,1388.14,849.11
6/26/2009,,,,1386.34,847.83
6/29/2009,,,,1399.03,855.56
6/30/2009,,,,1387.15,848.22
7/1/2009,,,,1393.33,851.91
7/2/2009,,,,1352.82,827.12
7/6/2009,,,,1356.06,829.08
7/7/2009,,,,1329.52,812.85
7/8/2009,,,,1327.66,811.22
7/9/2009,,,,1332.73,814.32
7/10/2009,,,,1327.18,810.93
7/13/2009,,,,1360.64,831.29
7/14/2009,,,,1367.91,835.73
7/15/2009,,,,1408.52,860.52
7/16/2009,,,,1420.61,867.88
7/17/2009,,,,1420.04,867.53
7/20/2009,,,,1435.84,877.18
7/21/2009,,,,1440.94,880.29
7/22/2009,,,,1440.51,879.87
7/23/2009,,,,1473.41,899.96
7/24/2009,,,,1478.13,902.84
7/27/2009,,,,1482.34,905.41
7/28/2009,,,,1478.81,903.25
7/29/2009,,,,1473.02,899.59
7/30/2009,,,,1490.68,910.26
7/31/2009,,,,1490.92,910.42
8/3/2009,,,,1513.41,924.15
8/4/2009,,,,1517.97,926.91
8/5/2009,,,,1514.14,924.27
8/6/2009,,,,1505.99,919.16
8/7/2009,,,,1526.35,931.57
8/10/2009,,,,1521.39,928.51
8/11/2009,,,,1502.55,916.74
8/12/2009,,,,1520.31,927.24
8/13/2009,,,,1530.61,933.48
8/14/2009,,,,1517.77,925.64
8/17/2009,,,,1481.3,903.18
8/18/2009,,,,1496.69,912.41
8/19/2009,,,,1507.08,918.64
8/20/2009,,,,1523.58,928.64
8/21/2009,,,,1551.82,945.7
8/24/2009,,,,1550.92,945.14
8/25/2009,,,,1554.53,947.33
8/26/2009,,,,1555.31,947.7
8/27/2009,,,,1559.81,950.34
8/28/2009,,,,1556.27,948.07
8/31/2009,,,,1544.01,940.56
9/1/2009,,,,1509.76,919.65
9/2/2009,,,,1504.98,916.51
9/3/2009,,,,1518.1,924.43
9/4/2009,,,,1538.22,936.62
9/8/2009,,,,1552,944.87
9/9/2009,,,,1563.94,952.1
9/10/2009,,,,1580.06,961.89
9/11/2009,,,,1578.14,960.53
9/14/2009,,,,1587.94,966.48
9/15/2009,,,,1592.96,969.53
9/16/2009,,,,1616.57,983.87
9/17/2009,,,,1611.67,980.76
9/18/2009,,,,1615.95,983.35
9/21/2009,,,,1610.88,980.26
9/22/2009,,,,1620.6,986.16
9/23/2009,,,,1604.8,976.54
9/24/2009,,,,1590.4,967.65
9/25/2009,,,,1580.98,961.91
9/28/2009,,,,1609.05,978.82
9/29/2009,,,,1605.93,976.88
9/30/2009,,,,1600.52,973.51
10/1/2009,,,,1559.13,948.32
10/2/2009,,,,1552.29,944.13
10/5/2009,,,,1575.46,958.19
10/6/2009,,,,1597.11,971.35
10/7/2009,,,,1602.22,973.95
10/8/2009,,,,1614.08,981.16
10/9/2009,,,,1623.13,986.63
10/12/2009,,,,1630.08,990.86
10/13/2009,,,,1625.68,988.13
10/14/2009,,,,1653.61,1005.07
10/15/2009,,,,1660.2,1009.07
10/16/2009,,,,1647.24,1001.2
10/19/2009,,,,1662.19,1010.29
10/20/2009,,,,1652.09,1004.13
10/21/2009,,,,1637.86,995.34
10/22/2009,,,,1654.94,1005.66
10/23/2009,,,,1635.27,993.71
10/26/2009,,,,1616.71,982.42
10/27/2009,,,,1611.56,979.28
10/28/2009,,,,1580.64,960.35
10/29/2009,,,,1615.95,981.73
10/30/2009,,,,1571.1,954.48
11/2/2009,,,,1581.2,960.6
11/3/2009,,,,1585.17,963.01
11/4/2009,,,,1587.22,963.92
11/5/2009,,,,1617.58,982.26
11/6/2009,,,,1621.89,984.74
11/9/2009,,,,1657.31,1006.01
11/10/2009,,,,1657.85,1006.08
11/11/2009,,,,1665.94,1010.99
11/12/2009,,,,1649.89,1001.11
11/13/2009,,,,1659.26,1006.79
11/16/2009,,,,1682.73,1020.83
11/17/2009,,,,1685.5,1022.38
11/18/2009,,,,1683.99,1021.32
11/19/2009,,,,1662.36,1008.19
11/20/2009,,,,1657.41,1005.01
11/23/2009,,,,1678.99,1018.06
11/24/2009,,,,1678.45,1017.67
11/25/2009,,,,1685.33,1021.72
11/27/2009,,,,1657.69,1004.72
11/30/2009,,,,1663.83,1008.35
12/1/2009,,,,1683.88,1020.45
12/2/2009,,,,1684.72,1020.82
12/3/2009,,,,1670.68,1012.28
12/4/2009,,,,1680.07,1017.96
12/7/2009,,,,1676.02,1015.47
12/8/2009,,,,1658.82,1004.92
12/9/2009,,,,1665.22,1008.68
12/10/2009,,,,1675.31,1014.69
12/11/2009,,,,1682.01,1018.57
12/14/2009,,,,1694.04,1025.82
12/15/2009,,,,1684.56,1020.07
12/16/2009,,,,1686.52,1021.25
12/17/2009,,,,1666.13,1008.84
12/18/2009,,,,1676.37,1015.03
12/21/2009,,,,1694.84,1026.2
12/22/2009,,,,1701.45,1030.17
12/23/2009,,,,1705.66,1032.49
12/24/2009,,,,1714.95,1038.12
12/28/2009,,,,1717.14,1039.3
12/29/2009,,,,1714.89,1037.76
12/30/2009,,,,1715.78,1038.19
12/31/2009,,,,1697.61,1027.19
1/4/2010,,,,1724.75,1043.56
1/5/2010,,,,1730.14,1046.82
1/6/2010,,,,1731.9,1047.43
1/7/2010,,,,1739.09,1051.72
1/8/2010,,,,1744.1,1054.75
1/11/2010,,,,1746.41,1056.15
1/12/2010,,,,1730.27,1046.39
1/13/2010,,,,1744.75,1055.05
1/14/2010,,,,1749.1,1057.65
1/15/2010,,,,1730.64,1046.44
1/19/2010,,,,1752.59,1059.71
1/20/2010,,,,1734.63,1048.68
1/21/2010,,,,1701.29,1028.5
1/22/2010,,,,1663.03,1005.37
1/25/2010,,,,1670.9,1010.11
1/26/2010,,,,1663.56,1005.65
1/27/2010,,,,1671.9,1010.66
1/28/2010,,,,1651.58,998.28
1/29/2010,,,,1634.63,988.02
2/1/2010,,,,1657.95,1002.11
2/2/2010,,,,1679.31,1015.02
2/3/2010,,,,1670.81,1009.55
2/4/2010,,,,1618.73,978.04
2/5/2010,,,,1623.4,980.86
2/8/2010,,,,1609.38,972.06
2/9/2010,,,,1630.74,984.94
2/10/2010,,,,1627.46,982.69
2/11/2010,,,,1643.74,992.37
2/12/2010,,,,1639.49,989.6
2/16/2010,,,,1669.64,1007.67
2/17/2010,,,,1677.26,1012.08
2/18/2010,,,,1688.75,1018.93
2/19/2010,,,,1693.27,1021.48
2/22/2010,,,,1691.17,1020.21
2/23/2010,,,,1670.31,1007.62
2/24/2010,,,,1687.13,1017.57
2/25/2010,,,,1684.28,1015.58
2/26/2010,,,,1686.31,1016.78
3/1/2010,,,,1703.71,1027.25
3/2/2010,,,,1707.6,1029.59
3/3/2010,,,,1708.39,1029.91
3/4/2010,,,,1714.98,1033.86
3/5/2010,,,,1739.12,1048.37
3/8/2010,,,,1739,1048.12
3/9/2010,,,,1742.35,1050.08
3/10/2010,,,,1750.09,1054.62
3/11/2010,,,,1757.71,1058.85
3/12/2010,,,,1756.93,1058.38
3/15/2010,,,,1758.33,1059.2
3/16/2010,,,,1771.38,1067.05
3/17/2010,,,,1781.76,1073.28
3/18/2010,,,,1782.16,1073.5
3/19/2010,,,,1773.53,1068.3
3/22/2010,,,,1782.68,1073.78
3/23/2010,,,,1795.76,1081.53
3/24/2010,,,,1787.2,1076.35
3/25/2010,,,,1784.12,1074.49
3/26/2010,,,,1785.06,1075.06
3/29/2010,,,,1795.13,1080.93
3/30/2010,,,,1795.81,1081.21
3/31/2010,,,,1789.03,1077.13
4/1/2010,,,,1802.36,1085.12
4/5/2010,,,,1816.76,1093.75
4/6/2010,,,,1820.11,1095.76
4/7/2010,,,,1810.18,1089.29
4/8/2010,,,,1816.4,1093
4/9/2010,,,,1828.44,1100.25
4/12/2010,,,,1831.2,1101.89
4/13/2010,,,,1832.75,1102.74
4/14/2010,,,,1852.88,1114.84
4/15/2010,,,,1854.71,1115.94
4/16/2010,,,,1825.03,1098.08
4/19/2010,,,,1833.44,1103.12
4/20/2010,,,,1848.31,1112.07
4/21/2010,,,,1846.73,1111.1
4/22/2010,,,,1851.47,1113.89
4/23/2010,,,,1864.53,1121.75
4/26/2010,,,,1856.62,1116.98
4/27/2010,,,,1812.58,1090.48
4/28/2010,,,,1825.12,1097.81
4/29/2010,,,,1849.28,1112.25
4/30/2010,,,,1817.73,1093.28
5/3/2010,,,,1841.8,1107.75
5/4/2010,,,,1797.34,1081
5/5/2010,,,,1785.54,1073.53
5/6/2010,,,,1724.99,1036.96
5/7/2010,,,,1696.87,1020.05
5/10/2010,,,,1775.95,1067.56
5/11/2010,,,,1769.54,1063.47
5/12/2010,,,,1795.64,1078.77
5/13/2010,,,,1772.46,1064.76
5/14/2010,,,,1736.27,1043
5/17/2010,,,,1738.09,1043.87
5/18/2010,,,,1712.03,1028.03
5/19/2010,,,,1702.4,1022.13
5/20/2010,,,,1630.67,978.95
5/21/2010,,,,1660.14,996.67
5/24/2010,,,,1634.72,981.36
5/25/2010,,,,1633.34,980.51
5/26/2010,,,,1623.16,974.19
5/27/2010,,,,1682.9,1009.67
5/28/2010,,,,1661.06,996.54
6/1/2010,,,,1632.56,979.4
6/2/2010,,,,1675.24,1004.85
6/3/2010,,,,1682.1,1008.91
6/4/2010,,,,1623.11,973.49
6/7/2010,,,,1600.14,959.66
6/8/2010,,,,1618.59,970.59
6/9/2010,,,,1609.18,964.89
6/10/2010,,,,1657.76,994.01
6/11/2010,,,,1665.77,998.45
6/14/2010,,,,1662.68,996.58
6/15/2010,,,,1701.84,1020.05
6/16/2010,,,,1700.88,1019.45
6/17/2010,,,,1703.14,1020.68
6/18/2010,,,,1705.26,1021.95
6/21/2010,,,,1698.67,1017.99
6/22/2010,,,,1671.79,1001.73
6/23/2010,,,,1666.83,998.73
6/24/2010,,,,1638.72,981.89
6/25/2010,,,,1643.37,984.68
6/28/2010,,,,1640.37,982.69
6/29/2010,,,,1588.63,951.64
6/30/2010,,,,1573.04,942.2
7/1/2010,,,,1568.06,939.17
7/2/2010,,,,1561.05,934.94
7/6/2010,,,,1569.14,939.78
7/7/2010,,,,1617.52,968.31
7/8/2010,,,,1632.07,976.99
7/9/2010,,,,1643.71,983.95
7/12/2010,,,,1645.2,984.82
7/13/2010,,,,1669.33,999.18
7/14/2010,,,,1668.62,998.75
7/15/2010,,,,1669.26,999.14
7/16/2010,,,,1623.22,971.56
7/19/2010,,,,1632.38,977.03
7/20/2010,,,,1650.58,987.9
7/21/2010,,,,1630.94,976
7/22/2010,,,,1665.49,996.66
7/23/2010,,,,1679.28,1004.89
7/26/2010,,,,1696.19,1015.01
7/27/2010,,,,1694.04,1013.73
7/28/2010,,,,1682.77,1006.93
7/29/2010,,,,1675.86,1002.65
7/30/2010,,,,1676.41,1002.98
8/2/2010,,,,1712.86,1024.77
8/3/2010,,,,1704.7,1019.88
8/4/2010,,,,1715.66,1026.08
8/5/2010,,,,1713.54,1024.78
8/6/2010,,,,1707.1,1020.82
8/9/2010,,,,1716.47,1026.4
8/10/2010,,,,1706.8,1020.58
8/11/2010,,,,1659.49,991.79
8/12/2010,,,,1650.63,986.35
8/13/2010,,,,1643.73,982.18
8/16/2010,,,,1644.24,982.44
8/17/2010,,,,1665.09,994.62
8/18/2010,,,,1667.82,996.1
8/19/2010,,,,1639.26,979.03
8/20/2010,,,,1632.56,975
8/23/2010,,,,1625.7,970.89
8/24/2010,,,,1601.59,956.47
8/25/2010,,,,1606.89,959.52
8/26/2010,,,,1594.9,952.35
8/27/2010,,,,1622.35,968.47
8/30/2010,,,,1598.02,953.74
8/31/2010,,,,1598.86,954.21
9/1/2010,,,,1645.8,982.12
9/2/2010,,,,1660.7,990.93
9/3/2010,,,,1682.26,1003.77
9/7/2010,,,,1664,992.81
9/8/2010,,,,1674.98,999.14
9/9/2010,,,,1683.1,1003.97
9/10/2010,,,,1691.38,1008.89
9/13/2010,,,,1709.55,1019.38
9/14/2010,,,,1707.44,1018.13
9/15/2010,,,,1712.94,1021.39
9/16/2010,,,,1711.99,1020.67
9/17/2010,,,,1713.87,1021.78
9/20/2010,,,,1738.95,1036.7
9/21/2010,,,,1734.14,1033.83
9/22/2010,,,,1723.58,1027.43
9/23/2010,,,,1710.58,1019.68
9/24/2010,,,,1743.71,1039.43
9/27/2010,,,,1734.43,1033.89
9/28/2010,,,,1741.9,1038.17
9/29/2010,,,,1737.3,1035.32
9/30/2010,,,,1731.76,1032.02
10/1/2010,,,,1739.44,1036.57
10/4/2010,,,,1725.7,1028.32
10/5/2010,,,,1761.31,1049.54
10/6/2010,,,,1760.9,1048.78
10/7/2010,,,,1757.93,1047
10/8/2010,,,,1768.5,1053.29
10/11/2010,,,,1768.87,1053.51
10/12/2010,,,,1775.74,1057.6
10/13/2010,,,,1787.93,1064.75
10/14/2010,,,,1781.08,1060.68
10/15/2010,,,,1784.87,1062.93
10/18/2010,,,,1797.71,1070.56
10/19/2010,,,,1770.29,1054.23
10/20/2010,,,,1788.3,1064.81
10/21/2010,,,,1791.41,1066.6
10/22/2010,,,,1795.94,1069.3
10/25/2010,,,,1799.54,1071.44
10/26/2010,,,,1800.12,1071.77
10/27/2010,,,,1796.02,1069.19
10/28/2010,,,,1797.62,1070.06
10/29/2010,,,,1796.88,1069.61
11/1/2010,,,,1798.64,1070.66
11/2/2010,,,,1812.48,1078.9
11/3/2010,,,,1819.46,1082.86
11/4/2010,,,,1853.72,1103.06
11/5/2010,,,,1861.85,1107.83
11/8/2010,,,,1858.85,1105.89
11/9/2010,,,,1844.47,1096.98
11/10/2010,,,,1853.78,1102.28
11/11/2010,,,,1845.96,1097.62
11/12/2010,,,,1823.88,1084.44
11/15/2010,,,,1822.01,1083.26
11/16/2010,,,,1792.37,1065.32
11/17/2010,,,,1793.08,1065.56
11/18/2010,,,,1821.29,1082.32
11/19/2010,,,,1826,1085.07
11/22/2010,,,,1823.3,1083.41
11/23/2010,,,,1796.8,1067.59
11/24/2010,,,,1824.74,1084.13
11/26/2010,,,,1811.28,1075.83
11/29/2010,,,,1809.32,1074.32
11/30/2010,,,,1797.78,1067.4
12/1/2010,,,,1836.81,1090.41
12/2/2010,,,,1859.73,1104
12/3/2010,,,,1863.5,1106.18
12/6/2010,,,,1861.64,1105.04
12/7/2010,,,,1862.36,1105.45
12/8/2010,,,,1870.33,1109.91
12/9/2010,,,,1877.86,1114.28
12/10/2010,,,,1888.76,1120.74
12/13/2010,,,,1888.03,1120.15
12/14/2010,,,,1889.81,1121.18
12/15/2010,,,,1880.79,1115.81
12/16/2010,,,,1893.22,1123.13
12/17/2010,,,,1895.1,1124.24
12/20/2010,,,,1900.33,1127.31
12/21/2010,,,,1911.67,1133.89
12/22/2010,,,,1918.68,1137.87
12/23/2010,,,,1915.96,1136.18
12/27/2010,,,,1916.38,1136.43
12/28/2010,,,,1918.03,1137.4
12/29/2010,,,,1920.24,1138.51
12/30/2010,,,,1916.11,1136.04
12/31/2010,,,,1914.57,1135.15
1/3/2011,,,,1936.41,1148.05
1/4/2011,,,,1933.87,1146.52
1/5/2011,,,,1944.24,1152.52
1/6/2011,,,,1940.98,1150.14
1/7/2011,,,,1937.45,1148.04
1/10/2011,,,,1934.78,1146.46
1/11/2011,,,,1942.23,1150.87
1/12/2011,,,,1960.1,1161.34
1/13/2011,,,,1955.79,1158.79
1/14/2011,,,,1970.26,1167.34
1/18/2011,,,,1972.88,1168.86
1/19/2011,,,,1952.91,1156.88
1/20/2011,,,,1950.59,1155.5
1/21/2011,,,,1954.84,1158
1/24/2011,,,,1965.82,1164.52
1/25/2011,,,,1966.37,1164.81
1/26/2011,,,,1974.55,1169.61
1/27/2011,,,,1978.84,1172.1
1/28/2011,,,,1944.6,1151.78
1/31/2011,,,,1959.06,1160.36
2/1/2011,,,,1991.66,1179.66
2/2/2011,,,,1986.65,1176.48
2/3/2011,,,,1992.06,1179.51
2/4/2011,,,,1998.11,1183.08
2/7/2011,,,,2010.89,1190.63
2/8/2011,,,,2019.39,1195.29
2/9/2011,,,,2013.87,1191.88
2/10/2011,,,,2016.06,1193.06
2/11/2011,,,,2027.82,1199.85
2/14/2011,,,,2033.7,1203.07
2/15/2011,,,,2027.01,1198.97
2/16/2011,,,,2040.24,1206.58
2/17/2011,,,,2046.41,1210.13
2/18/2011,,,,2050.04,1212.28
2/22/2011,,,,2007.65,1187.2
2/23/2011,,,,1995.3,1179.85
2/24/2011,,,,1993.75,1178.66
2/25/2011,,,,2015.38,1191.13
2/28/2011,,,,2026.43,1197.61
3/1/2011,,,,1994.66,1178.83
3/2/2011,,,,1998.39,1180.84
3/3/2011,,,,2032.63,1201.02
3/4/2011,,,,2017.85,1192.29
3/7/2011,,,,2001.38,1182.51
3/8/2011,,,,2019.36,1192.92
3/9/2011,,,,2017.01,1191.35
3/10/2011,,,,1978.89,1168.83
3/11/2011,,,,1993.64,1177.19
3/14/2011,,,,1982.1,1170.34
3/15/2011,,,,1960.22,1157.42
3/16/2011,,,,1922.18,1134.92
3/17/2011,,,,1948.34,1150.34
3/18/2011,,,,1957.13,1155.54
3/21/2011,,,,1985.99,1172.57
3/22/2011,,,,1979.49,1168.59
3/23/2011,,,,1984.89,1171.76
3/24/2011,,,,2003.17,1182.56
3/25/2011,,,,2009.28,1186.16
3/28/2011,,,,2003.92,1182.99
3/29/2011,,,,2018.18,1191.17
3/30/2011,,,,2031.66,1199
3/31/2011,,,,2028.05,1196.87
4/1/2011,,,,2038.22,1202.86
4/4/2011,,,,2039.19,1203.29
4/5/2011,,,,2038.81,1203.05
4/6/2011,,,,2043.96,1205.6
4/7/2011,,,,2041.03,1203.82
4/8/2011,,,,2032.88,1199.02
4/11/2011,,,,2027.49,1195.82
4/12/2011,,,,2012.08,1186.72
4/13/2011,,,,2012.71,1186.98
4/14/2011,,,,2012.92,1187.09
4/15/2011,,,,2020.69,1191.67
4/18/2011,,,,1998.5,1178.55
4/19/2011,,,,2010.14,1185.39
4/20/2011,,,,2037.09,1201.26
4/21/2011,,,,2047.61,1207.44
4/25/2011,,,,2044.66,1205.7
4/26/2011,,,,2062.44,1216.18
4/27/2011,,,,2075.29,1223.56
4/28/2011,,,,2082.01,1227.45
4/29/2011,,,,2086.61,1230.16
5/2/2011,,,,2082.94,1227.99
5/3/2011,,,,2076.06,1223.93
5/4/2011,,,,2062.41,1215.67
5/5/2011,,,,2043.12,1204.24
5/6/2011,,,,2051.02,1208.74
5/9/2011,,,,2060.3,1214.19
5/10/2011,,,,2077.88,1224.53
5/11/2011,,,,2055.19,1210.46
5/12/2011,,,,2065.74,1216.52
5/13/2011,,,,2048.46,1206.31
5/16/2011,,,,2035.53,1198.61
5/17/2011,,,,2035.13,1198.05
5/18/2011,,,,2054.55,1209.26
5/19/2011,,,,2059.43,1212.03
5/20/2011,,,,2042.69,1202.16
5/23/2011,,,,2016.65,1186.8
5/24/2011,,,,2015.38,1186.05
5/25/2011,,,,2022.2,1189.97
5/26/2011,,,,2031.34,1195.05
5/27/2011,,,,2041.09,1200.57
5/31/2011,,,,2064,1214.05
6/1/2011,,,,2017.47,1186.55
6/2/2011,,,,2015.26,1185.19
6/3/2011,,,,1996.49,1174.1
6/6/2011,,,,1975.65,1161.82
6/7/2011,,,,1974.3,1160.98
6/8/2011,,,,1966.22,1155.97
6/9/2011,,,,1979.96,1164.05
6/10/2011,,,,1951.49,1147.28
6/13/2011,,,,1953.75,1148.23
6/14/2011,,,,1979,1163.01
6/15/2011,,,,1943.37,1142.04
6/16/2011,,,,1945.96,1143.35
6/17/2011,,,,1953.36,1147.7
6/20/2011,,,,1964.16,1154.04
6/21/2011,,,,1991.2,1169.81
6/22/2011,,,,1978.87,1162.52
6/23/2011,,,,1971.53,1158.18
6/24/2011,,,,1948.21,1144.48
6/27/2011,,,,1967.36,1155.74
6/28/2011,,,,1993.89,1171.08
6/29/2011,,,,2010.84,1180.88
6/30/2011,,,,2031.45,1193
7/1/2011,,,,2061.09,1210.25
7/5/2011,,,,2058.67,1208.79
7/6/2011,,,,2061.92,1210.24
7/7/2011,,,,2083.61,1222.9
7/8/2011,,,,2069.3,1214.5
7/11/2011,,,,2031.4,1192.22
7/12/2011,,,,2022.13,1186.77
7/13/2011,,,,2029,1190.69
7/14/2011,,,,2015.17,1182.56
7/15/2011,,,,2026.69,1189.32
7/18/2011,,,,2009.84,1179.38
7/19/2011,,,,2043.7,1199.26
7/20/2011,,,,2042.73,1198.52
7/21/2011,,,,2070.72,1214.85
7/22/2011,,,,2072.75,1216.01
7/25/2011,,,,2061.2,1209.23
7/26/2011,,,,2052.53,1204.15
7/27/2011,,,,2010.85,1179.63
7/28/2011,,,,2004.38,1175.72
7/29/2011,,,,1991.55,1168.2
8/1/2011,,,,1983.14,1163.26
8/2/2011,,,,1932.18,1133.37
8/3/2011,,,,1942.95,1139.28
8/4/2011,,,,1848.31,1083.73
8/5/2011,,,,1847.65,1083.33
8/8/2011,,,,1723.46,1010.36
8/9/2011,,,,1806.93,1059.27
8/10/2011,,,,1726.32,1011.57
8/11/2011,,,,1808.94,1059.81
8/12/2011,,,,1817.86,1065.01
8/15/2011,,,,1860.21,1089.76
8/16/2011,,,,1842.12,1078.97
8/17/2011,,,,1844.97,1080.34
8/18/2011,,,,1761.22,1031.21
8/19/2011,,,,1736.56,1016.78
8/22/2011,,,,1736.4,1016.68
8/23/2011,,,,1796.01,1051.57
8/24/2011,,,,1820.01,1065.48
8/25/2011,,,,1791.05,1048.5
8/26/2011,,,,1818.54,1064.44
8/29/2011,,,,1871.77,1095.49
8/30/2011,,,,1875.74,1097.54
8/31/2011,,,,1884.91,1102.76
9/1/2011,,,,1862.52,1089.57
9/2/2011,,,,1814.91,1061.67
9/6/2011,,,,1800.32,1053.11
9/7/2011,,,,1853.78,1084.12
9/8/2011,,,,1833.47,1072.21
9/9/2011,,,,1781.04,1041.52
9/12/2011,,,,1793.64,1048.81
9/13/2011,,,,1811.94,1059.12
9/14/2011,,,,1837.72,1074.18
9/15/2011,,,,1871.55,1093.77
9/16/2011,,,,1882.68,1100.25
9/19/2011,,,,1863.25,1088.87
9/20/2011,,,,1860.25,1087.09
9/21/2011,,,,1802.79,1053.47
9/22/2011,,,,1739.87,1016.67
9/23/2011,,,,1752.05,1023.65
9/26/2011,,,,1795.51,1049.04
9/27/2011,,,,1816.94,1061.57
9/28/2011,,,,1777.41,1038.19
9/29/2011,,,,1793.17,1047.35
9/30/2011,,,,1743.43,1018.26
10/3/2011,,,,1693.38,988.97
10/4/2011,,,,1732.12,1011.46
10/5/2011,,,,1764.28,1029.71
10/6/2011,,,,1796.51,1048.44
10/7/2011,,,,1781.64,1039.73
10/10/2011,,,,1840.97,1074.37
10/11/2011,,,,1842.13,1075.02
10/12/2011,,,,1858.87,1084.64
10/13/2011,,,,1854.41,1081.94
10/14/2011,,,,1884.36,1099.43
10/17/2011,,,,1849.86,1079.26
10/18/2011,,,,1887.6,1101.27
10/19/2011,,,,1863.43,1087.01
10/20/2011,,,,1872.74,1092.41
10/21/2011,,,,1905.01,1111.22
10/24/2011,,,,1929.01,1125.21
10/25/2011,,,,1891.31,1103.22
10/26/2011,,,,1911.67,1115.07
10/27/2011,,,,1970.3,1149.24
10/28/2011,,,,1970.56,1149.37
10/31/2011,,,,1927.14,1124.01
11/1/2011,,,,1872.37,1092.06
11/2/2011,,,,1903.44,1110.08
11/3/2011,,,,1940.28,1131.34
11/4/2011,,,,1927.9,1124.11
11/7/2011,,,,1940.44,1131.34
11/8/2011,,,,1964.59,1144.73
11/9/2011,,,,1891.48,1101.99
11/10/2011,,,,1908.54,1111.77
11/11/2011,,,,1946.51,1133.91
11/14/2011,,,,1927.89,1122.91
11/15/2011,,,,1937.87,1128.5
11/16/2011,,,,1905.28,1109.19
11/17/2011,,,,1872.27,1089.95
11/18/2011,,,,1871.66,1089.52
11/21/2011,,,,1835.37,1068.33
11/22/2011,,,,1827.84,1063.86
11/23/2011,,,,1784.58,1038.62
11/25/2011,,,,1778.95,1035.15
11/28/2011,,,,1834.67,1067.44
11/29/2011,,,,1839.52,1069.86
11/30/2011,,,,1923.31,1118.46
12/1/2011,,,,1919.53,1116.23
12/2/2011,,,,1919.21,1116
12/5/2011,,,,1939,1127.46
12/6/2011,,,,1941.24,1128.74
12/7/2011,,,,1945.58,1130.93
12/8/2011,,,,1904.27,1106.9
12/9/2011,,,,1936.81,1125.81
12/12/2011,,,,1907.84,1108.91
12/13/2011,,,,1891.19,1099
12/14/2011,,,,1868.76,1085.84
12/15/2011,,,,1875.12,1089.44
12/16/2011,,,,1881.41,1093.07
12/19/2011,,,,1858.38,1079.68
12/20/2011,,,,1916.12,1113.06
12/21/2011,,,,1919.95,1115.25
12/22/2011,,,,1936.79,1124.74
12/23/2011,,,,1954.89,1135.24
12/27/2011,,,,1954.87,1135.22
12/28/2011,,,,1930.21,1120.62
12/29/2011,,,,1951.8,1133.11
12/30/2011,,,,1943.07,1127.99
1/3/2012,,,,1972.87,1145.26
1/4/2012,,,,1973.98,1145.66
1/5/2012,,,,1980.14,1149.23
1/6/2012,,,,1975.97,1146.36
1/9/2012,,,,1980.49,1148.96
1/10/2012,,,,1998.25,1159.25
1/11/2012,,,,1999.47,1159.83
1/12/2012,,,,2003.76,1162.3
1/13/2012,,,,1994.23,1156.76
1/17/2012,,,,2001.13,1160.77
1/18/2012,,,,2023.6,1173.62
1/19/2012,,,,2033.23,1179.18
1/20/2012,,,,2034.48,1179.88
1/23/2012,,,,2034.55,1179.91
1/24/2012,,,,2032.98,1178.96
1/25/2012,,,,2050.67,1189.21
1/26/2012,,,,2037.63,1181.6
1/27/2012,,,,2034.69,1179.84
1/30/2012,,,,2029.8,1176.96
1/31/2012,,,,2029.03,1176.51
2/1/2012,,,,2047.36,1186.89
2/2/2012,,,,2049.79,1188.21
2/3/2012,,,,2079.97,1205.56
2/6/2012,,,,2079.32,1205.15
2/7/2012,,,,2082.87,1207.19
2/8/2012,,,,2088.02,1209.75
2/9/2012,,,,2090.84,1211.37
2/10/2012,,,,2077.13,1203.39
2/13/2012,,,,2091.46,1211.43
2/14/2012,,,,2090.24,1210.53
2/15/2012,,,,2080,1204.17
2/16/2012,,,,2103.42,1217.56
2/17/2012,,,,2107.69,1220.01
2/21/2012,,,,2108.61,1220.53
2/22/2012,,,,2101.87,1216.58
2/23/2012,,,,2110.71,1221.47
2/24/2012,,,,2113.5,1222.96
2/27/2012,,,,2116.89,1224.8
2/28/2012,,,,2123.97,1228.7
2/29/2012,,,,2114.79,1223.18
3/1/2012,,,,2128.07,1230.79
3/2/2012,,,,2121.43,1226.9
3/5/2012,,,,2113.12,1222.03
3/6/2012,,,,2080.01,1202.84
3/7/2012,,,,2095.27,1211.28
3/8/2012,,,,2116.38,1223.38
3/9/2012,,,,2124.24,1227.91
3/12/2012,,,,2124.71,1228.11
3/13/2012,,,,2164.78,1250.82
3/14/2012,,,,2162.46,1249.44
3/15/2012,,,,2175.52,1256.97
3/16/2012,,,,2177.54,1258.14
3/19/2012,,,,2185.93,1262.98
3/20/2012,,,,2179.42,1259.21
3/21/2012,,,,2175.5,1256.9
3/22/2012,,,,2159.7,1247.7
3/23/2012,,,,2166.2,1251.46
3/26/2012,,,,2196.13,1268.76
3/27/2012,,,,2190.16,1265.17
3/28/2012,,,,2179.97,1258.99
3/29/2012,,,,2176.54,1256.97
3/30/2012,,,,2184.44,1261.53
4/2/2012,,,,2201,1271.01
4/3/2012,,,,2192.71,1265.92
4/4/2012,,,,2170.16,1252.87
4/5/2012,,,,2169.52,1252.04
4/9/2012,,,,2144.41,1237.52
4/10/2012,,,,2107.21,1216.05
4/11/2012,,,,2123.63,1225.34
4/12/2012,,,,2153.46,1242.54
4/13/2012,,,,2125.92,1226.62
4/16/2012,,,,2124.73,1225.93
4/17/2012,,,,2158.43,1245.38
4/18/2012,,,,2149.49,1240.21
4/19/2012,,,,2136.7,1232.78
4/20/2012,,,,2139.51,1234.37
4/23/2012,,,,2120.99,1223.65
4/24/2012,,,,2129.23,1228.42
4/25/2012,,,,2158.8,1245.3
4/26/2012,,,,2173.52,1253.72
4/27/2012,,,,2178.85,1256.78
4/30/2012,,,,2170.35,1251.85
5/1/2012,,,,2182.64,1258.93
5/2/2012,,,,2177.44,1255.79
5/3/2012,,,,2161.01,1246.1
5/4/2012,,,,2125.78,1225.75
5/7/2012,,,,2126.37,1226.06
5/8/2012,,,,2117.2,1220.61
5/9/2012,,,,2103.01,1212.07
5/10/2012,,,,2109.2,1215.26
5/11/2012,,,,2102.06,1211.01
5/14/2012,,,,2077.61,1196.78
5/15/2012,,,,2065.16,1189.37
5/16/2012,,,,2056.14,1183.75
5/17/2012,,,,2023.76,1164.98
5/18/2012,,,,2008.32,1156.09
5/21/2012,,,,2042.4,1175.69
5/22/2012,,,,2043.36,1176.22
5/23/2012,,,,2045.34,1177.27
5/24/2012,,,,2048.63,1178.97
5/25/2012,,,,2043.24,1175.85
5/29/2012,,,,2067.79,1189.78
5/30/2012,,,,2035.52,1170.8
5/31/2012,,,,2030.46,1167.74
6/1/2012,,,,1980.56,1139
6/4/2012,,,,1981.34,1139.41
6/5/2012,,,,1992.48,1145.78
6/6/2012,,,,2038.54,1171.95
6/7/2012,,,,2038.36,1171.8
6/8/2012,,,,2054.87,1181.26
6/11/2012,,,,2029.22,1166.46
6/12/2012,,,,2052.77,1179.98
6/13/2012,,,,2039.11,1171.71
6/14/2012,,,,2060.79,1184.15
6/15/2012,,,,2081.59,1196.09
6/18/2012,,,,2084.71,1197.86
6/19/2012,,,,2104.29,1209.1
6/20/2012,,,,2100.73,1207.01
6/21/2012,,,,2055.66,1180.92
6/22/2012,,,,2070.35,1189.35
6/25/2012,,,,2038,1170.62
6/26/2012,,,,2047.64,1176.15
6/27/2012,,,,2066.39,1186.65
6/28/2012,,,,2062.23,1184.19
6/29/2012,,,,2111.71,1212.59
7/2/2012,,,,2117.2,1215.67
7/3/2012,,,,2130.93,1223.27
7/5/2012,,,,2121.17,1217.65
7/6/2012,,,,2101.36,1205.84
7/9/2012,,,,2097.77,1203.76
7/10/2012,,,,2080.04,1193.58
7/11/2012,,,,2080.16,1193.49
7/12/2012,,,,2069.17,1187.17
7/13/2012,,,,2104.8,1207.6
7/16/2012,,,,2099.7,1204.67
7/17/2012,,,,2115.8,1213.91
7/18/2012,,,,2130.7,1222.27
7/19/2012,,,,2136.89,1225.69
7/20/2012,,,,2114.7,1212.92
7/23/2012,,,,2094.98,1201.57
7/24/2012,,,,2075,1190.11
7/25/2012,,,,2074.44,1189.76
7/26/2012,,,,2110.44,1210.4
7/27/2012,,,,2151.86,1234.09
7/30/2012,,,,2151.23,1233.67
7/31/2012,,,,2141.41,1228.04
8/1/2012,,,,2135.23,1224.29
8/2/2012,,,,2119.35,1215.09
8/3/2012,,,,2160.1,1238.31
8/6/2012,,,,2164.98,1241.07
8/7/2012,,,,2175.92,1247.32
8/8/2012,,,,2178.07,1248.17
8/9/2012,,,,2180.05,1248.75
8/10/2012,,,,2184.85,1251.47
8/13/2012,,,,2182.37,1249.81
8/14/2012,,,,2182.53,1249.68
8/15/2012,,,,2185.91,1251.16
8/16/2012,,,,2201.25,1259.87
8/17/2012,,,,2205.69,1262.39
8/20/2012,,,,2205.41,1262.22
8/21/2012,,,,2197.09,1257.46
8/22/2012,,,,2197.75,1257.75
8/23/2012,,,,2179.87,1247.52
8/24/2012,,,,2194.22,1255.54
8/27/2012,,,,2193.11,1254.9
8/28/2012,,,,2191.28,1253.78
8/29/2012,,,,2193.75,1254.89
8/30/2012,,,,2177.26,1245.29
8/31/2012,,,,2187.76,1251.3
9/4/2012,,,,2185.22,1249.82
9/5/2012,,,,2183.45,1248.49
9/6/2012,,,,2228.17,1273.89
9/7/2012,,,,2236.58,1278.64
9/10/2012,,,,2223.15,1270.89
9/11/2012,,,,2229.85,1274.71
9/12/2012,,,,2234.79,1277.2
9/13/2012,,,,2270.59,1297.49
9/14/2012,,,,2277.69,1301.56
9/17/2012,,,,2270.97,1297.67
9/18/2012,,,,2268.75,1296.36
9/19/2012,,,,2271.34,1297.83
9/20/2012,,,,2271.14,1297.51
9/21/2012,,,,2270.71,1297.27
9/24/2012,,,,2266.16,1294.66
9/25/2012,,,,2242.95,1281.26
9/26/2012,,,,2231.27,1274.32
9/27/2012,,,,2252.43,1286.32
9/28/2012,,,,2242.51,1280.65
10/1/2012,,,,2248.55,1284.04
10/2/2012,,,,2250.61,1285.13
10/3/2012,,,,2259.2,1289.75
10/4/2012,,,,2275.06,1298.79
10/5/2012,,,,2274.92,1298.28
10/8/2012,,,,2267.36,1293.96
10/9/2012,,,,2245.17,1281.26
10/10/2012,,,,2231.43,1273.32
10/11/2012,,,,2232.23,1273.57
10/12/2012,,,,2225.68,1269.81
10/15/2012,,,,2243.49,1279.96
10/16/2012,,,,2266.22,1292.94
10/17/2012,,,,2275.43,1298.05
10/18/2012,,,,2270.15,1294.97
10/19/2012,,,,2233.14,1273.83
10/22/2012,,,,2234.13,1274.37
10/23/2012,,,,2202.01,1256.03
10/24/2012,,,,2195.27,1252.19
10/25/2012,,,,2201.79,1255.88
10/26/2012,,,,2200.1,1254.91
10/31/2012,,,,2200.72,1255.1
11/1/2012,,,,2224.94,1268.82
11/2/2012,,,,2204.08,1256.9
11/5/2012,,,,2209.14,1259.63
11/6/2012,,,,2226.76,1269.65
11/7/2012,,,,2175.18,1239.1
11/8/2012,,,,2148.07,1223.64
11/9/2012,,,,2151.8,1225.71
11/12/2012,,,,2152.04,1225.85
11/13/2012,,,,2143.99,1220.86
11/14/2012,,,,2114.58,1203.66
11/15/2012,,,,2111.72,1201.97
11/16/2012,,,,2121.74,1207.53
11/19/2012,,,,2165.13,1232.17
11/20/2012,,,,2166.72,1232.97
11/21/2012,,,,2171.86,1235.87
11/23/2012,,,,2200.74,1252.16
11/26/2012,,,,2196.29,1249.59
11/27/2012,,,,2184.97,1243.03
11/28/2012,,,,2202.81,1252.8
11/29/2012,,,,2212.54,1258.14
11/30/2012,,,,2212.84,1258.32
12/3/2012,,,,2202.37,1252.35
12/4/2012,,,,2198.67,1250.22
12/5/2012,,,,2202.75,1252.14
12/6/2012,,,,2210.55,1256.26
12/7/2012,,,,2217.18,1259.92
12/10/2012,,,,2217.97,1260.31
12/11/2012,,,,2232.42,1268.53
12/12/2012,,,,2233.8,1269.03
12/13/2012,,,,2220.24,1261.01
12/14/2012,,,,2211.18,1255.82
12/17/2012,,,,2237.14,1270.55
12/18/2012,,,,2262.35,1284.85
12/19/2012,,,,2245.4,1275.18
12/20/2012,,,,2258.04,1282.1
12/21/2012,,,,2237.47,1270.31
12/24/2012,,,,2232.25,1267.2
12/26/2012,,,,2221.65,1261.17
12/27/2012,,,,2219.35,1259.63
12/28/2012,,,,2195.39,1245.91
12/31/2012,,,,2231.99,1266.67
1/2/2013,,,,2288.81,1298.67
1/3/2013,,,,2284.63,1296.29
1/4/2013,,,,2296.02,1302.76
1/7/2013,,,,2288.54,1298.51
1/8/2013,,,,2281.96,1294.33
1/9/2013,,,,2288.18,1297.84
1/10/2013,,,,2304.73,1307.23
1/11/2013,,,,2304.13,1306.76
1/14/2013,,,,2301.87,1305.48
1/15/2013,,,,2304.52,1306.97
1/16/2013,,,,2305.5,1307.37
1/17/2013,,,,2317.98,1314.44
1/18/2013,,,,2326.27,1319.11
1/22/2013,,,,2336.57,1324.9
1/23/2013,,,,2340.13,1326.89
1/24/2013,,,,2339.45,1326.47
1/25/2013,,,,2351.1,1333.08
1/28/2013,,,,2346.98,1330.7
1/29/2013,,,,2358.67,1337.27
1/30/2013,,,,2349.44,1331.72
1/31/2013,,,,2343.67,1328.36
2/1/2013,,,,2367.08,1341.61
2/4/2013,,,,2340.01,1326.24
2/5/2013,,,,2364.73,1340.08
2/6/2013,,,,2366.28,1340.8
2/7/2013,,,,2363.18,1338.49
2/8/2013,,,,2376.73,1346.16
2/11/2013,,,,2375.35,1345.31
2/12/2013,,,,2379.06,1347.35
2/13/2013,,,,2381.67,1348.19
2/14/2013,,,,2383.9,1349.27
2/15/2013,,,,2381.53,1347.81
2/19/2013,,,,2399.59,1357.82
2/20/2013,,,,2369.41,1340.69
2/21/2013,,,,2354.9,1332.14
2/22/2013,,,,2376.6,1344.2
2/25/2013,,,,2331.73,1318.83
2/26/2013,,,,2346.77,1327.09
2/27/2013,,,,2378.27,1344.57
2/28/2013,,,,2376.32,1343.4
3/1/2013,,,,2381.9,1346.53
3/4/2013,,,,2392.92,1352.75
3/5/2013,,,,2415.89,1365.69
3/6/2013,,,,2419.27,1367.2
3/7/2013,,,,2423.6,1369.52
3/8/2013,,,,2435.07,1375.9
3/11/2013,,,,2443.06,1380.3
3/12/2013,,,,2437.23,1376.92
3/13/2013,,,,2441.6,1378.92
3/14/2013,,,,2455.26,1386.61
3/15/2013,,,,2450.73,1384.07
3/18/2013,,,,2437.74,1376.71
3/19/2013,,,,2432.12,1373.5
3/20/2013,,,,2448.28,1382.62
3/21/2013,,,,2427.94,1371.1
3/22/2013,,,,2445.14,1380.83
3/25/2013,,,,2437.42,1376.45
3/26/2013,,,,2457.64,1387.4
3/27/2013,,,,2456.78,1386.82
3/28/2013,,,,2466.53,1392.32
4/1/2013,,,,2455.61,1386.08
4/2/2013,,,,2468.33,1393.25
4/3/2013,,,,2442.74,1378.55
4/4/2013,,,,2452.76,1384.11
4/5/2013,,,,2442.54,1378.34
4/8/2013,,,,2458.45,1386.87
4/9/2013,,,,2467.05,1391.72
4/10/2013,,,,2496.71,1408.36
4/11/2013,,,,2505.48,1413.19
4/12/2013,,,,2498.65,1409.31
4/15/2013,,,,2442.29,1377.52
4/16/2013,,,,2476.53,1396.84
4/17/2013,,,,2441.66,1377.16
4/18/2013,,,,2425.72,1368.13
4/19/2013,,,,2446.86,1380
4/22/2013,,,,2458.03,1386.26
4/23/2013,,,,2483.28,1400.5
4/24/2013,,,,2483.62,1400.52
4/25/2013,,,,2493.56,1406.08
4/26/2013,,,,2489.08,1403.49
4/29/2013,,,,2506.49,1413.29
4/30/2013,,,,2512.31,1416.57
5/1/2013,,,,2489.05,1403.39
5/2/2013,,,,2512.63,1416.57
5/3/2013,,,,2539.48,1431.54
5/6/2013,,,,2544.5,1434.37
5/7/2013,,,,2557.95,1441.87
5/8/2013,,,,2569.3,1447.64
5/9/2013,,,,2561.3,1442.45
5/10/2013,,,,2573.02,1449.02
5/13/2013,,,,2573.31,1449.04
5/14/2013,,,,2600.39,1463.97
5/15/2013,,,,2615.64,1472.07
5/16/2013,,,,2601.94,1464.3
5/17/2013,,,,2630.17,1480.14
5/20/2013,,,,2627.97,1478.87
5/21/2013,,,,2632.51,1481.39
5/22/2013,,,,2610.48,1468.82
5/23/2013,,,,2602.86,1464.32
5/24/2013,,,,2601.24,1463.39
5/28/2013,,,,2618.65,1473.14
5/29/2013,,,,2599.39,1462.1
5/30/2013,,,,2608.86,1467.2
5/31/2013,,,,2571.6,1446.21
6/3/2013,,,,2587,1454.73
6/4/2013,,,,2572.92,1446.75
6/5/2013,,,,2538.42,1426.99
6/6/2013,,,,2560.17,1439.03
6/7/2013,,,,2592.42,1457.14
6/10/2013,,,,2591.71,1456.65
6/11/2013,,,,2565.9,1442.14
6/12/2013,,,,2545.61,1430.42
6/13/2013,,,,2582.55,1450.96
6/14/2013,,,,2567.73,1442.63
6/17/2013,,,,2586.6,1453.21
6/18/2013,,,,2606.09,1464.14
6/19/2013,,,,2571.14,1444.5
6/20/2013,,,,2508.25,1408.93
6/21/2013,,,,2514.66,1412.52
6/24/2013,,,,2484.22,1395.42
6/25/2013,,,,2507.7,1408.46
6/26/2013,,,,2531.81,1421.71
6/27/2013,,,,2547.67,1430.49
6/28/2013,,,,2536.77,1424.36
7/1/2013,,,,2550.72,1432.02
7/2/2013,,,,2549.88,1431.24
7/3/2013,,,,2552.07,1432.46
7/5/2013,,,,2578.59,1447.33
7/8/2013,,,,2592.91,1454.94
7/9/2013,,,,2612.35,1465.81
7/10/2013,,,,2612.51,1465.84
7/11/2013,,,,2646.98,1485.05
7/12/2013,,,,2655.03,1489.56
7/15/2013,,,,2658.7,1491.62
7/16/2013,,,,2648.08,1485.67
7/17/2013,,,,2656.02,1489.96
7/18/2013,,,,2669.59,1497.41
7/19/2013,,,,2673.43,1499.52
7/22/2013,,,,2678.25,1502.2
7/23/2013,,,,2673.09,1499.31
7/24/2013,,,,2662.92,1493.59
7/25/2013,,,,2669.66,1497.35
7/26/2013,,,,2671.53,1498.39
7/29/2013,,,,2661.97,1492.94
7/30/2013,,,,2663.06,1493.5
7/31/2013,,,,2662.82,1493.15
8/1/2013,,,,2696.59,1511.93
8/2/2013,,,,2700.93,1514.34
8/5/2013,,,,2697.29,1512.14
8/6/2013,,,,2681.76,1503.4
8/7/2013,,,,2672.41,1497.68
8/8/2013,,,,2683.26,1503.43
8/9/2013,,,,2674.28,1498.11
8/12/2013,,,,2671.33,1496.41
8/13/2013,,,,2679.4,1500.58
8/14/2013,,,,2666,1492.78
8/15/2013,,,,2628.28,1471.41
8/16/2013,,,,2619.96,1466.69
8/19/2013,,,,2604.79,1458.11
8/20/2013,,,,2615.05,1463.81
8/21/2013,,,,2599.99,1455.3
8/22/2013,,,,2622.15,1467.68
8/23/2013,,,,2632.97,1473.53
8/26/2013,,,,2622.35,1467.56
8/27/2013,,,,2581.12,1444.49
8/28/2013,,,,2588.34,1448.24
8/29/2013,,,,2593.15,1450.7
8/30/2013,,,,2584.88,1445.94
9/3/2013,,,,2595.8,1451.96
9/4/2013,,,,2617.41,1463.71
9/5/2013,,,,2620.86,1465.6
9/6/2013,,,,2621.2,1465.6
9/9/2013,,,,2647.13,1480.02
9/10/2013,,,,2666.4,1490.79
9/11/2013,,,,2674.6,1495.17
9/12/2013,,,,2666.34,1490.13
9/13/2013,,,,2673.86,1494.31
9/16/2013,,,,2688.26,1502.37
9/17/2013,,,,2699.55,1508.65
9/18/2013,,,,2732.06,1526.81
9/19/2013,,,,2725.43,1522.89
9/20/2013,,,,2706.56,1512.32
9/23/2013,,,,2694.2,1505.41
9/24/2013,,,,2687.61,1501.58
9/25/2013,,,,2680.37,1497.49
9/26/2013,,,,2690.21,1502.7
9/27/2013,,,,2679.2,1496.48
9/30/2013,,,,2663.58,1487.69
10/1/2013,,,,2685.06,1499.59
10/2/2013,,,,2683.69,1498.53
10/3/2013,,,,2659.69,1485.13
10/4/2013,,,,2678.47,1495.56
10/7/2013,,,,2655.76,1482.88
10/8/2013,,,,2624.03,1464.71
10/9/2013,,,,2625.58,1465.43
10/10/2013,,,,2683.33,1497.43
10/11/2013,,,,2700.08,1506.78
10/14/2013,,,,2711,1512.87
10/15/2013,,,,2692.08,1502.3
10/16/2013,,,,2729.77,1523.17
10/17/2013,,,,2747.26,1532.87
10/18/2013,,,,2764.91,1542.68
10/21/2013,,,,2765.32,1542.89
10/22/2013,,,,2780.18,1551.19
10/23/2013,,,,2767.21,1543.93
10/24/2013,,,,2775.92,1548.78
10/25/2013,,,,2787.97,1555.5
10/28/2013,,,,2791.69,1557.56
10/29/2013,,,,2807.33,1566.2
10/30/2013,,,,2794.06,1558.68
10/31/2013,,,,2785.28,1553.64
11/1/2013,,,,2793.44,1558.18
11/4/2013,,,,2803.48,1563.77
11/5/2013,,,,2795.9,1559.36
11/6/2013,,,,2809.36,1566.01
11/7/2013,,,,2772.64,1545.17
11/8/2013,,,,2810.54,1566.27
11/11/2013,,,,2812.5,1567.36
11/12/2013,,,,2805.87,1563.56
11/13/2013,,,,2829.82,1576.44
11/14/2013,,,,2843.97,1584.03
11/15/2013,,,,2856.02,1590.73
11/18/2013,,,,2845.27,1584.67
11/19/2013,,,,2839.95,1581.41
11/20/2013,,,,2829.91,1575.74
11/21/2013,,,,2853.33,1588.67
11/22/2013,,,,2867.61,1596.41
11/25/2013,,,,2864.12,1594.44
11/26/2013,,,,2864.54,1594.51
11/27/2013,,,,2872.26,1598.44
11/29/2013,,,,2869.85,1597.04
12/2/2013,,,,2862.11,1592.67
12/3/2013,,,,2853.12,1587.58
12/4/2013,,,,2850.11,1585.49
12/5/2013,,,,2837.98,1578.7
12/6/2013,,,,2870,1596.36
12/9/2013,,,,2875.27,1599.23
12/10/2013,,,,2866.22,1594.19
12/11/2013,,,,2834.53,1576.4
12/12/2013,,,,2824.6,1570.45
12/13/2013,,,,2824.28,1570.24
12/16/2013,,,,2842.07,1580.11
12/17/2013,,,,2833.31,1575.23
12/18/2013,,,,2880.24,1601.26
12/19/2013,,,,2879.08,1600.38
12/20/2013,,,,2892.88,1608.06
12/23/2013,,,,2908.53,1616.52
12/24/2013,,,,2917.42,1621.27
12/26/2013,,,,2931.12,1628.89
12/27/2013,,,,2930.31,1628.15
12/30/2013,,,,2929.88,1627.8
12/31/2013,,,,2941.68,1634.25
1/2/2014,,,,2915.79,1619.63
1/3/2014,,,,2914.87,1619.06
1/6/2014,,,,2907.58,1614.99
1/7/2014,,,,2925.36,1624.85
1/8/2014,,,,2925.61,1624.5
1/9/2014,,,,2926.62,1625.06
1/10/2014,,,,2933.54,1628.91
1/13/2014,,,,2896.64,1608.24
1/14/2014,,,,2928.28,1625.8
1/15/2014,,,,2943.56,1634.23
1/16/2014,,,,2939.61,1632
1/17/2014,,,,2928.05,1625.55
1/21/2014,,,,2936.4,1630.15
1/22/2014,,,,2938.49,1631.11
1/23/2014,,,,2912.25,1616.54
1/24/2014,,,,2851.07,1582.56
1/27/2014,,,,2837.08,1574.74
1/28/2014,,,,2854.59,1584.46
1/29/2014,,,,2825.34,1568.05
1/30/2014,,,,2857.17,1585.61
1/31/2014,,,,2837.8,1574.85
2/3/2014,,,,2773.1,1538.95
2/4/2014,,,,2794.37,1550.67
2/5/2014,,,,2789.65,1547.59
2/6/2014,,,,2825.67,1566.78
2/7/2014,,,,2862.9,1587.43
2/10/2014,,,,2867.35,1589.86
2/11/2014,,,,2898.72,1607.18
2/12/2014,,,,2899.78,1606.98
2/13/2014,,,,2916.38,1616.02
2/14/2014,,,,2930.33,1623.62
2/18/2014,,,,2933.68,1625.23
2/19/2014,,,,2915.03,1614.82
2/20/2014,,,,2933.07,1624.53
2/21/2014,,,,2927.71,1621.34
2/24/2014,,,,2945.68,1631.28
2/25/2014,,,,2941.78,1629.08
2/26/2014,,,,2942.92,1629.39
2/27/2014,,,,2957.58,1637.28
2/28/2014,,,,2964.52,1641.14
3/3/2014,,,,2942.75,1629.01
3/4/2014,,,,2987.91,1653.98
3/5/2014,,,,2988.33,1653.89
3/6/2014,,,,2993.75,1656.6
3/7/2014,,,,2995.51,1657.45
3/10/2014,,,,2994.33,1656.7
3/11/2014,,,,2979.34,1648.33
3/12/2014,,,,2980.97,1648.81
3/13/2014,,,,2946.74,1629.68
3/14/2014,,,,2938.56,1625.11
3/17/2014,,,,2966.58,1640.61
3/18/2014,,,,2987.92,1652.36
3/19/2014,,,,2969.74,1642.3
3/20/2014,,,,2987.81,1652.25
3/21/2014,,,,2979.03,1647.4
3/24/2014,,,,2964.53,1639.38
3/25/2014,,,,2977.93,1646.62
3/26/2014,,,,2957.12,1635.06
3/27/2014,,,,2951.97,1631.93
3/28/2014,,,,2965.86,1639.55
3/31/2014,,,,2989.56,1652.57
4/1/2014,,,,3010.78,1664.2
4/2/2014,,,,3019.95,1668.97
4/3/2014,,,,3016.63,1667.12
4/4/2014,,,,2978.7,1646.1
4/7/2014,,,,2946.68,1628.39
4/8/2014,,,,2958.9,1634.61
4/9/2014,,,,2991.43,1652.44
4/10/2014,,,,2929.42,1618.19
4/11/2014,,,,2902.17,1602.98
4/14/2014,,,,2925.54,1615.87
4/15/2014,,,,2945.31,1626.79
4/16/2014,,,,2976.19,1643.81
4/17/2014,,,,2980.4,1646.06
4/21/2014,,,,2991.68,1652.26
4/22/2014,,,,3003.91,1659.01
4/23/2014,,,,2997.62,1655.33
4/24/2014,,,,3002.84,1658.17
4/25/2014,,,,2978.61,1644.79
4/28/2014,,,,2988.43,1650.11
4/29/2014,,,,3002.69,1657.96
4/30/2014,,,,3011.72,1662.87
5/1/2014,,,,3011.5,1662.64
5/2/2014,,,,3007.42,1660.39
5/5/2014,,,,3013.3,1663.51
5/6/2014,,,,2986.37,1648.6
5/7/2014,,,,3004.35,1657.83
5/8/2014,,,,3000.92,1655.52
5/9/2014,,,,3005.97,1657.99
5/12/2014,,,,3035.45,1674.19
5/13/2014,,,,3037.63,1674.96
5/14/2014,,,,3023.8,1667.01
5/15/2014,,,,2995.76,1651.24
5/16/2014,,,,3007.14,1657.5
5/19/2014,,,,3019.08,1663.96
5/20/2014,,,,2999.34,1653.02
5/21/2014,,,,3024.44,1666.61
5/22/2014,,,,3032.15,1670.62
5/23/2014,,,,3045.35,1677.86
5/27/2014,,,,3064.02,1688.13
5/28/2014,,,,3061.09,1686.25
5/29/2014,,,,3078.15,1695.43
5/30/2014,,,,3083.8,1698.54
6/2/2014,,,,3086.41,1699.82
6/3/2014,,,,3085.42,1699.19
6/4/2014,,,,3091.89,1702.44
6/5/2014,,,,3112.47,1713.66
6/6/2014,,,,3127.26,1721.56
6/9/2014,,,,3130.48,1723.25
6/10/2014,,,,3129.9,1722.91
6/11/2014,,,,3119.21,1716.83
6/12/2014,,,,3097.89,1704.61
6/13/2014,,,,3107.76,1710
6/16/2014,,,,3110.33,1711.42
6/17/2014,,,,3117.2,1715.16
6/18/2014,,,,3141.33,1728.42
6/19/2014,,,,3145.5,1730.48
6/20/2014,,,,3151.2,1733.6
6/23/2014,,,,3150.67,1733.31
6/24/2014,,,,3130.59,1722.11
6/25/2014,,,,3145.87,1730.48
6/26/2014,,,,3142.87,1728.52
6/27/2014,,,,3148.82,1731.71
6/30/2014,,,,3147.51,1730.93
7/1/2014,,,,3169.11,1742.49
7/2/2014,,,,3171.42,1743.65
7/3/2014,,,,3188.97,1753.3
7/7/2014,,,,3176.51,1746.38
7/8/2014,,,,3154.87,1733.97
7/9/2014,,,,3169.74,1742.04
7/10/2014,,,,3156.61,1734.82
7/11/2014,,,,3161.57,1737.38
7/14/2014,,,,3176.9,1745.8
7/15/2014,,,,3170.82,1742.45
7/16/2014,,,,3184.73,1749.88
7/17/2014,,,,3146.91,1728.93
7/18/2014,,,,3179.64,1746.9
7/21/2014,,,,3172.2,1742.76
7/22/2014,,,,3188.45,1751.68
7/23/2014,,,,3194.16,1754.79
7/24/2014,,,,3195.75,1755.65
7/25/2014,,,,3180.15,1747.04
7/28/2014,,,,3181.05,1747.53
7/29/2014,,,,3166.56,1739.49
7/30/2014,,,,3167.33,1739.61
7/31/2014,,,,3102.7,1704
8/1/2014,,,,3093.85,1699.14
8/4/2014,,,,3116.05,1711.32
8/5/2014,,,,3086.21,1694.78
8/6/2014,,,,3087.15,1694.77
8/7/2014,,,,3070.69,1685.33
8/8/2014,,,,3106.22,1704.79
8/11/2014,,,,3115.35,1709.49
8/12/2014,,,,3110.44,1706.7
8/13/2014,,,,3132.05,1718.12
8/14/2014,,,,3145.83,1725.59
8/15/2014,,,,3145.99,1725.48
8/18/2014,,,,3173.1,1740.23
8/19/2014,,,,3189.9,1749.09
8/20/2014,,,,3198.25,1753.55
8/21/2014,,,,3207.83,1758.75
8/22/2014,,,,3202.21,1755.42
8/25/2014,,,,3218,1764.05
8/26/2014,,,,3221.39,1765.89
8/27/2014,,,,3222.22,1765.97
8/28/2014,,,,3217.36,1763.06
8/29/2014,,,,3228.49,1769.01
9/2/2014,,,,3226.91,1768.07
9/3/2014,,,,3224.96,1766.68
9/4/2014,,,,3220.13,1763.97
9/5/2014,,,,3236.66,1772.98
9/8/2014,,,,3227.03,1767.4
9/9/2014,,,,3205.52,1755.59
9/10/2014,,,,3217.75,1762.1
9/11/2014,,,,3221.52,1763.67
9/12/2014,,,,3201.97,1752.93
9/15/2014,,,,3199.63,1751.63
9/16/2014,,,,3224.06,1764.99
9/17/2014,,,,3228.34,1767.28
9/18/2014,,,,3244.83,1776.06
9/19/2014,,,,3243.37,1775.22
9/22/2014,,,,3216.63,1760.58
9/23/2014,,,,3197.94,1750.17
9/24/2014,,,,3223.61,1764.18
9/25/2014,,,,3169.7,1734.67
9/26/2014,,,,3198.28,1749.96
9/29/2014,,,,3190.02,1745.29
9/30/2014,,,,3180.74,1740.1
10/1/2014,,,,3138.72,1716.96
10/2/2014,,,,3139.19,1717.07
10/3/2014,,,,3174.15,1736.16
10/6/2014,,,,3169.27,1733.45
10/7/2014,,,,3121.31,1707.21
10/8/2014,,,,3176.88,1737.02
10/9/2014,,,,3111.82,1701.36
10/10/2014,,,,3076.02,1681.6
10/13/2014,,,,3025.95,1654.24
10/14/2014,,,,3030.54,1656.74
10/15/2014,,,,3007.56,1644.03
10/16/2014,,,,3008.35,1644.41
10/17/2014,,,,3046.47,1665.25
10/20/2014,,,,3074.13,1680.34
10/21/2014,,,,3133.41,1712.7
10/22/2014,,,,3110.7,1700.09
10/23/2014,,,,3148.81,1720.92
10/24/2014,,,,3171.01,1733.03
10/27/2014,,,,3166.28,1730.44
10/28/2014,,,,3203.76,1750.92
10/29/2014,,,,3199.65,1748.51
10/30/2014,,,,3220.04,1759.5
10/31/2014,,,,3258.42,1780.45
11/3/2014,,,,3257.99,1780.2
11/4/2014,,,,3248.85,1775.2
11/5/2014,,,,3268.49,1785.32
11/6/2014,,,,3281.95,1792.11
11/7/2014,,,,3283.77,1792.75
11/10/2014,,,,3294.13,1798.3
11/11/2014,,,,3296.47,1799.58
11/12/2014,,,,3294.94,1798.24
11/13/2014,,,,3296.94,1799.17
11/14/2014,,,,3298.08,1799.58
11/17/2014,,,,3300.7,1800.91
11/18/2014,,,,3318.04,1810.02
11/19/2014,,,,3313.21,1807.28
11/20/2014,,,,3319.83,1810.82
11/21/2014,,,,3338.48,1820.7
11/24/2014,,,,3347.91,1825.82
11/25/2014,,,,3344.02,1823.52
11/26/2014,,,,3353.86,1828.47
11/28/2014,,,,3345.87,1824.01
12/1/2014,,,,3323.26,1811.61
12/2/2014,,,,3344.64,1823.16
12/3/2014,,,,3358.22,1830.09
12/4/2014,,,,3354.22,1827.87
12/5/2014,,,,3359.97,1830.99
12/8/2014,,,,3335.73,1817.51
12/9/2014,,,,3335.03,1817.12
12/10/2014,,,,3280.47,1787.27
12/11/2014,,,,3296.15,1795.32
12/12/2014,,,,3243.15,1766.39
12/15/2014,,,,3222.29,1754.97
12/16/2014,,,,3195.86,1740.59
12/17/2014,,,,3260.09,1775.47
12/18/2014,,,,3339.31,1818.31
12/19/2014,,,,3354.77,1826.72
12/22/2014,,,,3368.17,1833.75
12/23/2014,,,,3374.47,1837.07
12/24/2014,,,,3374.05,1836.78
12/26/2014,,,,3385.46,1842.98
12/29/2014,,,,3388.9,1844.54
12/30/2014,,,,3372.34,1835.29
12/31/2014,,,,3336.65,1815.85
1/2/2015,,,,3335.88,1815.18
1/5/2015,,,,3274.16,1781.47
1/6/2015,,,,3244.43,1765.29
1/7/2015,,,,3283.24,1785.83
1/8/2015,,,,3343.48,1818.56
1/9/2015,,,,3314.71,1802.91
1/12/2015,,,,3287.19,1787.94
1/13/2015,,,,3278.63,1783.09
1/14/2015,,,,3259.14,1772.44
1/15/2015,,,,3226.39,1754.56
1/16/2015,,,,3271.24,1778.92
1/20/2015,,,,3276.87,1781.92
1/21/2015,,,,3293.5,1790.75
1/22/2015,,,,3346.18,1819.35
1/23/2015,,,,3326.56,1808.66
1/26/2015,,,,3335.67,1813.6
1/27/2015,,,,3288.23,1787.83
1/28/2015,,,,3240.84,1761.88
1/29/2015,,,,3274.08,1779.82
1/30/2015,,,,3228.14,1754.8
2/2/2015,,,,3269.8,1777.41
2/3/2015,,,,3316.05,1802.51
2/4/2015,,,,3303.58,1795.2
2/5/2015,,,,3337.74,1813.41
2/6/2015,,,,3328.09,1807.67
2/9/2015,,,,3314.21,1800.05
2/10/2015,,,,3349.68,1819.23
2/11/2015,,,,3350.93,1819.28
2/12/2015,,,,3383.04,1836.28
2/13/2015,,,,3396.51,1843.45
2/17/2015,,,,3402.32,1846.32
2/18/2015,,,,3401.95,1846.02
2/19/2015,,,,3398.43,1843.83
2/20/2015,,,,3419.87,1855.23
2/23/2015,,,,3418.95,1854.7
2/24/2015,,,,3428.71,1859.94
2/25/2015,,,,3426.28,1858.32
2/26/2015,,,,3424.27,1856.87
2/27/2015,,,,3414.02,1851.3
3/2/2015,,,,3435.01,1862.57
3/3/2015,,,,3419.36,1854.06
3/4/2015,,,,3404.8,1845.78
3/5/2015,,,,3408.97,1847.96
3/6/2015,,,,3359.28,1820.77
3/9/2015,,,,3373.17,1828.12
3/10/2015,,,,3312.72,1795.23
3/11/2015,,,,3305.05,1790.75
3/12/2015,,,,3350.41,1814.86
3/13/2015,,,,3328.12,1802.72
3/16/2015,,,,3376.46,1828.89
3/17/2015,,,,3364.66,1822.49
3/18/2015,,,,3408.07,1845.97
3/19/2015,,,,3390.53,1836.45
3/20/2015,,,,3422.76,1853.93
3/23/2015,,,,3416.5,1850.57
3/24/2015,,,,3395.17,1838.85
3/25/2015,,,,3344.89,1811.59
3/26/2015,,,,3336.27,1806.86
3/27/2015,,,,3344.81,1811.12
3/30/2015,,,,3387,1833.77
3/31/2015,,,,3355.87,1816.7
4/1/2015,,,,3342.93,1809.47
4/2/2015,,,,3355.43,1816.2
4/6/2015,,,,3377.65,1828.21
4/7/2015,,,,3370.24,1824.17
4/8/2015,,,,3380.16,1828.84
4/9/2015,,,,3394.91,1836.8
4/10/2015,,,,3412.6,1846.37
4/13/2015,,,,3396.94,1837.72
4/14/2015,,,,3402.71,1840.85
4/15/2015,,,,3420.32,1850.36
4/16/2015,,,,3417.62,1848.87
4/17/2015,,,,3378.99,1827.98
4/20/2015,,,,3410.05,1844.74
4/21/2015,,,,3405.03,1841.99
4/22/2015,,,,3422.42,1851.34
4/23/2015,,,,3430.64,1855.61
4/24/2015,,,,3438.17,1859.69
4/27/2015,,,,3423.95,1852
4/28/2015,,,,3433.41,1856.96
4/29/2015,,,,3420.92,1850.12
4/30/2015,,,,3387.77,1832.12
5/1/2015,,,,3424.7,1852.08
5/4/2015,,,,3434.88,1857.59
5/5/2015,,,,3394.32,1835.48
5/6/2015,,,,3380.68,1827.43
5/7/2015,,,,3394.04,1834.19
5/8/2015,,,,3439.64,1858.79
5/11/2015,,,,3422.86,1849.34
5/12/2015,,,,3412.72,1843.78
5/13/2015,,,,3412.25,1843.15
5/14/2015,,,,3448.79,1862.68
5/15/2015,,,,3451.52,1863.95
5/18/2015,,,,3462.33,1869.67
5/19/2015,,,,3461.99,1869.05
5/20/2015,,,,3459.19,1867.32
5/21/2015,,,,3467.68,1871.65
5/22/2015,,,,3460.39,1867.66
5/26/2015,,,,3424.34,1848.13
5/27/2015,,,,3457.25,1865.56
5/28/2015,,,,3453.1,1863.01
5/29/2015,,,,3430.63,1850.86
6/1/2015,,,,3438.01,1854.65
6/2/2015,,,,3434.75,1852.8
6/3/2015,,,,3442.4,1856.6
6/4/2015,,,,3413.54,1841
6/5/2015,,,,3408.44,1838.17
6/8/2015,,,,3387.52,1826.59
6/9/2015,,,,3389.18,1827.44
6/10/2015,,,,3429.16,1848.89
6/11/2015,,,,3435.88,1851.97
6/12/2015,,,,3412.68,1839.36
6/15/2015,,,,3397.18,1830.97
6/16/2015,,,,3416.01,1841.09
6/17/2015,,,,3422.62,1844.62
6/18/2015,,,,3455.78,1862.28
6/19/2015,,,,3438.13,1852.76
6/22/2015,,,,3458.15,1863.56
6/23/2015,,,,3460.95,1864.88
6/24/2015,,,,3436.06,1851.41
6/25/2015,,,,3426.12,1845.99
6/26/2015,,,,3425.32,1845.22
6/29/2015,,,,3355.24,1807.29
6/30/2015,,,,3364.1,1811.96
7/1/2015,,,,3388.31,1824.55
7/2/2015,,,,3387.16,1823.93
7/6/2015,,,,3374.18,1816.88
7/7/2015,,,,3395.31,1828.24
7/8/2015,,,,3338.83,1797.29
7/9/2015,,,,3346.35,1801.32
7/10/2015,,,,3387.54,1823.51
7/13/2015,,,,3426.17,1844.12
7/14/2015,,,,3441.66,1852.45
7/15/2015,,,,3439.43,1851.21
7/16/2015,,,,3468.05,1866.55
7/17/2015,,,,3472.47,1868.93
7/20/2015,,,,3475.08,1870.29
7/21/2015,,,,3459.3,1861.73
7/22/2015,,,,3451.55,1857.36
7/23/2015,,,,3431.1,1846.24
7/24/2015,,,,3393.84,1826.18
7/27/2015,,,,3373.6,1815.31
7/28/2015,,,,3415.87,1838.03
7/29/2015,,,,3441.53,1851.61
7/30/2015,,,,3442.72,1852.07
7/31/2015,,,,3433.85,1847.31
8/3/2015,,,,3424.53,1842.29
8/4/2015,,,,3416.82,1838.09
8/5/2015,,,,3428.99,1843.93
8/6/2015,,,,3402.84,1829.34
8/7/2015,,,,3393.06,1824.02
8/10/2015,,,,3436.82,1847.51
8/11/2015,,,,3404.32,1829.71
8/12/2015,,,,3408.24,1831.41
8/13/2015,,,,3404.43,1829.08
8/14/2015,,,,3417.65,1836.18
8/17/2015,,,,3436.04,1845.7
8/18/2015,,,,3427.7,1840.86
8/19/2015,,,,3399.53,1825.62
8/20/2015,,,,3328.76,1787.65
8/21/2015,,,,3226.45,1732.47
8/24/2015,,,,3109.17,1669.53
8/25/2015,,,,3064.38,1645.41
8/26/2015,,,,3179.87,1707.29
8/27/2015,,,,3252.36,1745.97
8/28/2015,,,,3254.73,1747.03
8/31/2015,,,,3227.82,1732.39
9/1/2015,,,,3133.19,1681.51
9/2/2015,,,,3190.54,1712
9/3/2015,,,,3193.59,1713.54
9/4/2015,,,,3144.49,1687.06
9/8/2015,,,,3224.56,1729.82
9/9/2015,,,,3179.73,1705.62
9/10/2015,,,,3197.03,1714.76
9/11/2015,,,,3212.56,1722.57
9/14/2015,,,,3199.62,1715.53
9/15/2015,,,,3240.41,1737.37
9/16/2015,,,,3268.49,1752.36
9/17/2015,,,,3260.61,1747.86
9/18/2015,,,,3208.61,1719.98
9/21/2015,,,,3222.36,1727.29
9/22/2015,,,,3182.25,1705.73
9/23/2015,,,,3175.85,1702.22
9/24/2015,,,,3166.23,1697.09
9/25/2015,,,,3163.75,1695.73
9/28/2015,,,,3083.59,1652.28
9/29/2015,,,,3087.69,1654.38
9/30/2015,,,,3146.11,1685.57
10/1/2015,,,,3152.3,1688.77
10/2/2015,,,,3196.86,1712.48
10/5/2015,,,,3255.72,1743.92
10/6/2015,,,,3243.35,1737.29
10/7/2015,,,,3270.78,1751.31
10/8/2015,,,,3298.68,1766.25
10/9/2015,,,,3299.73,1766.76
10/12/2015,,,,3303.49,1768.78
10/13/2015,,,,3281.57,1756.88
10/14/2015,,,,3265.57,1748.22
10/15/2015,,,,3314.02,1774.06
10/16/2015,,,,3329.05,1782.1
10/19/2015,,,,3331.23,1783.24
10/20/2015,,,,3325.92,1780.35
10/21/2015,,,,3306.98,1769.99
10/22/2015,,,,3365.67,1801.32
10/23/2015,,,,3406.27,1823.02
10/26/2015,,,,3399.14,1819.19
10/27/2015,,,,3390.28,1814.45
10/28/2015,,,,3430.63,1835.88
10/29/2015,,,,3432.56,1836.67
10/30/2015,,,,3413.28,1826.38
11/2/2015,,,,3453.82,1848.06
11/3/2015,,,,3463.79,1853.37
11/4/2015,,,,3452.99,1846.92
11/5/2015,,,,3449.6,1844.72
11/6/2015,,,,3449.25,1844.31
11/9/2015,,,,3415.08,1825.64
11/10/2015,,,,3421.33,1828.48
11/11/2015,,,,3409.84,1822.35
11/12/2015,,,,3361.36,1796.1
11/13/2015,,,,3322.48,1775.31
11/16/2015,,,,3373.94,1802.48
11/17/2015,,,,3369.85,1799.87
11/18/2015,,,,3426.62,1830.05
11/19/2015,,,,3422.57,1827.83
11/20/2015,,,,3436.7,1835.07
11/23/2015,,,,3432.51,1832.73
11/24/2015,,,,3436.81,1834.98
11/25/2015,,,,3436.76,1834.74
11/27/2015,,,,3439.75,1835.91
11/30/2015,,,,3422.95,1826.83
12/1/2015,,,,3459.43,1846.16
12/2/2015,,,,3422.04,1825.77
12/3/2015,,,,3374.43,1800.31
12/4/2015,,,,3441.68,1836.18
12/7/2015,,,,3418.43,1823.65
12/8/2015,,,,3397.06,1812.1
12/9/2015,,,,3372.28,1798.77
12/10/2015,,,,3379.83,1802.6
12/11/2015,,,,3317.67,1769.19
12/14/2015,,,,3333.19,1777.35
12/15/2015,,,,3366.24,1794.94
12/16/2015,,,,3413.67,1820.08
12/17/2015,,,,3363.54,1793.06
12/18/2015,,,,3305.16,1761.94
12/21/2015,,,,3331.07,1775.56
12/22/2015,,,,3360.11,1790.87
12/23/2015,,,,3399.91,1811.93
12/24/2015,,,,3394.89,1809.27
12/28/2015,,,,3387.42,1805.28
12/29/2015,,,,3422.46,1823.6
12/30/2015,,,,3398.79,1810.8
12/31/2015,,,,3367.37,1794.05
1/4/2016,,,,3315.85,1766.19
1/5/2016,,,,3321.69,1769.3
1/6/2016,,,,3278.93,1745.89
1/7/2016,,,,3201.96,1704.86
1/8/2016,,,,3168.71,1687.16
1/11/2016,,,,3170.18,1687.94
1/12/2016,,,,3194.25,1700.75
1/13/2016,,,,3115.04,1658.38
1/14/2016,,,,3166.84,1685.93
1/15/2016,,,,3101.49,1651.08
1/19/2016,,,,3101.31,1650.98
1/20/2016,,,,3065.43,1631.63
1/21/2016,,,,3079.06,1638.82
1/22/2016,,,,3141.75,1672.19
1/25/2016,,,,3092.41,1645.91
1/26/2016,,,,3136.63,1669.45
1/27/2016,,,,3103.23,1651.57
1/28/2016,,,,3122.4,1661.63
1/29/2016,,,,3196.82,1701.18
2/1/2016,,,,3195.17,1700.25
2/2/2016,,,,3135.7,1668.56
2/3/2016,,,,3152.4,1676.89
2/4/2016,,,,3157.48,1679.27
2/5/2016,,,,3100.93,1649.11
2/8/2016,,,,3058.44,1626.36
2/9/2016,,,,3058.44,1626.05
2/10/2016,,,,3057.93,1625.23
2/11/2016,,,,3023.73,1606.79
2/12/2016,,,,3079.5,1636.23
2/16/2016,,,,3128.9,1661.93
2/17/2016,,,,3179.31,1688.53
2/18/2016,,,,3164.93,1680.8
2/19/2016,,,,3165.22,1680.72
2/22/2016,,,,3209.98,1704.46
2/23/2016,,,,3170.93,1683.62
2/24/2016,,,,3184.8,1690.9
2/25/2016,,,,3220.9,1709.67
2/26/2016,,,,3215.88,1706.77
2/29/2016,,,,3190.2,1692.95
3/1/2016,,,,3266.3,1733.3
3/2/2016,,,,3280.31,1740.42
3/3/2016,,,,3291.51,1746.19
3/4/2016,,,,3301.84,1751.63
3/7/2016,,,,3304.97,1753.18
3/8/2016,,,,3268.34,1733.43
3/9/2016,,,,3285.17,1742.06
3/10/2016,,,,3285.01,1741.88
3/11/2016,,,,3338.3,1769.66
3/14/2016,,,,3334.75,1767.66
3/15/2016,,,,3328.6,1764.37
3/16/2016,,,,3347.31,1774.17
3/17/2016,,,,3365.94,1784.07
3/18/2016,,,,3380.45,1791.75
3/21/2016,,,,3383.9,1793.57
3/22/2016,,,,3381.84,1792.21
3/23/2016,,,,3361.37,1781.34
3/24/2016,,,,3360.17,1780.7
3/28/2016,,,,3361.02,1781.15
3/29/2016,,,,3390.79,1796.56
3/30/2016,,,,3402.8,1802.78
3/31/2016,,,,3395.47,1798.91
4/1/2016,,,,3417.03,1810.32
4/4/2016,,,,3406.36,1804.27
4/5/2016,,,,3371.8,1785.96
4/6/2016,,,,3408.33,1804.66
4/7/2016,,,,3367.34,1782.89
4/8/2016,,,,3376.71,1787.84
4/11/2016,,,,3367.24,1782.83
4/12/2016,,,,3399.88,1800.05
4/13/2016,,,,3434.81,1818.25
4/14/2016,,,,3435.66,1818.52
4/15/2016,,,,3432,1816.58
4/18/2016,,,,3454.23,1828.32
4/19/2016,,,,3464.6,1833.82
4/20/2016,,,,3467.61,1835.3
4/21/2016,,,,3449.7,1825.76
4/22/2016,,,,3450.04,1825.93
4/25/2016,,,,3443.26,1822.34
4/26/2016,,,,3449.49,1825.65
4/27/2016,,,,3455.35,1828.62
4/28/2016,,,,3423.3,1811.53
4/29/2016,,,,3405.54,1802.13
5/2/2016,,,,3431.87,1816.06
5/3/2016,,,,3402.2,1800.3
5/4/2016,,,,3382.67,1789.59
5/5/2016,,,,3382.62,1789.13
5/6/2016,,,,3393.71,1794.76
5/9/2016,,,,3396.2,1796.05
5/10/2016,,,,3438.68,1818.48
5/11/2016,,,,3407.14,1800.86
5/12/2016,,,,3406.89,1800.54
5/13/2016,,,,3378.05,1785.14
5/16/2016,,,,3411.63,1802.7
5/17/2016,,,,3380.08,1785.47
5/18/2016,,,,3381.17,1785.76
5/19/2016,,,,3368.31,1778.93
5/20/2016,,,,3389.49,1789.83
5/23/2016,,,,3382.16,1785.89
5/24/2016,,,,3429.64,1810.9
5/25/2016,,,,3454.39,1823.85
5/26/2016,,,,3453.77,1823.28
5/27/2016,,,,3469.91,1831.44
5/31/2016,,,,3466.13,1829.33
6/1/2016,,,,3470.48,1831.31
6/2/2016,,,,3480.45,1836.36
6/3/2016,,,,3470.08,1830.87
6/6/2016,,,,3486.47,1839.48
6/7/2016,,,,3491.06,1841.86
6/8/2016,,,,3502.76,1847.66
6/9/2016,,,,3496.97,1844.53
6/10/2016,,,,3465.37,1827.83
6/13/2016,,,,3438.33,1813.04
6/14/2016,,,,3432.3,1809.71
6/15/2016,,,,3426.17,1806.35
6/16/2016,,,,3437.09,1811.8
6/17/2016,,,,3426.04,1805.98
6/20/2016,,,,3445.5,1816.24
6/21/2016,,,,3454.9,1821.03
6/22/2016,,,,3449.17,1818
6/23/2016,,,,3494.33,1841.79
6/24/2016,,,,3369.05,1775.71
6/27/2016,,,,3305.37,1742.11
6/28/2016,,,,3366.32,1773.87
6/29/2016,,,,3424.65,1804.38
6/30/2016,,,,3471.14,1828.88
7/1/2016,,,,3478.29,1832.31
7/5/2016,,,,3454.44,1819.62
7/6/2016,,,,3474.44,1829.51
7/7/2016,,,,3471.5,1827.78
7/8/2016,,,,3524.79,1855.82
7/11/2016,,,,3536.46,1861.97
7/12/2016,,,,3560.89,1874.82
7/13/2016,,,,3561.04,1874.73
7/14/2016,,,,3579.74,1884.53
7/15/2016,,,,3576.87,1883.02
7/18/2016,,,,3585.33,1887.39
7/19/2016,,,,3580.79,1884.95
7/20/2016,,,,3596.51,1892.99
7/21/2016,,,,3583.51,1886.11
7/22/2016,,,,3600.21,1894.89
7/25/2016,,,,3588.91,1888.93
7/26/2016,,,,3589.87,1889.38
7/27/2016,,,,3585.43,1886.97
7/28/2016,,,,3589.93,1889.19
7/29/2016,,,,3594.15,1891.41
8/1/2016,,,,3589.95,1889.19
8/2/2016,,,,3566.92,1877.03
8/3/2016,,,,3579.08,1882.85
8/4/2016,,,,3580.44,1883.09
8/5/2016,,,,3611.68,1899.47
8/8/2016,,,,3608.5,1897.62
8/9/2016,,,,3609.53,1898.09
8/10/2016,,,,3599.99,1892.38
8/11/2016,,,,3617.33,1901.24
8/12/2016,,,,3614.45,1899.63
8/15/2016,,,,3624.6,1904.74
8/16/2016,,,,3604.93,1894.08
8/17/2016,,,,3612.19,1897.44
8/18/2016,,,,3619.73,1901.37
8/19/2016,,,,3614.93,1898.59
8/22/2016,,,,3612.68,1897.37
8/23/2016,,,,3619.65,1900.98
8/24/2016,,,,3601.24,1891.18
8/25/2016,,,,3596.13,1888.48
8/26/2016,,,,3590.46,1885.46
8/29/2016,,,,3609.73,1895.27
8/30/2016,,,,3603.21,1891.54
8/31/2016,,,,3595.16,1886.96
9/1/2016,,,,3594.8,1886.74
9/2/2016,,,,3609.86,1894.55
9/6/2016,,,,3620.2,1899.94
9/7/2016,,,,3620.19,1899.49
9/8/2016,,,,3611.97,1895.09
9/9/2016,,,,3523.93,1848.87
9/12/2016,,,,3575.08,1875.61
9/13/2016,,,,3523.7,1848.09
9/14/2016,,,,3521.73,1846.93
9/15/2016,,,,3557.37,1865.32
9/16/2016,,,,3543.61,1858.07
9/19/2016,,,,3543.18,1857.82
9/20/2016,,,,3544.14,1858.3
9/21/2016,,,,3582.56,1878.42
9/22/2016,,,,3605.68,1890.53
9/23/2016,,,,3584.94,1879.65
9/26/2016,,,,3554.39,1863.48
9/27/2016,,,,3576.94,1875.2
9/28/2016,,,,3596.38,1884.98
9/29/2016,,,,3563,1867.45
9/30/2016,,,,3591.07,1882.15
10/3/2016,,,,3579.65,1875.93
10/4/2016,,,,3561.49,1866.24
10/5/2016,,,,3577.68,1873.95
10/6/2016,,,,3579.7,1874.96
10/7/2016,,,,3567.83,1868.68
10/10/2016,,,,3583.92,1877.11
10/11/2016,,,,3538.59,1853.34
10/12/2016,,,,3542.79,1855.38
10/13/2016,,,,3531.69,1849.5
10/14/2016,,,,3532.24,1849.78
10/17/2016,,,,3521.07,1843.88
10/18/2016,,,,3542.91,1855.31
10/19/2016,,,,3551.12,1859.34
10/20/2016,,,,3546.28,1856.66
10/21/2016,,,,3545.75,1856.36
10/24/2016,,,,3562.84,1865.3
10/25/2016,,,,3548.76,1857.86
10/26/2016,,,,3542.26,1854.45
10/27/2016,,,,3531.35,1848.66
10/28/2016,,,,3520.14,1842.69
10/31/2016,,,,3519.4,1842.31
11/1/2016,,,,3495.55,1829.8
11/2/2016,,,,3473.19,1817.87
11/3/2016,,,,3458.88,1809.72
11/4/2016,,,,3453.36,1806.79
11/7/2016,,,,3528.84,1846.26
11/8/2016,,,,3543.78,1853.17
11/9/2016,,,,3583.29,1873.69
11/10/2016,,,,3590.91,1877.47
11/11/2016,,,,3585.89,1874.85
11/14/2016,,,,3586.71,1874.97
11/15/2016,,,,3615.03,1889.33
11/16/2016,,,,3610.53,1886.42
11/17/2016,,,,3627.88,1895.37
11/18/2016,,,,3620.54,1891.19
11/21/2016,,,,3647.59,1905.31
11/22/2016,,,,3656.34,1909.77
11/23/2016,,,,3660.23,1911.72
11/25/2016,,,,3673.7,1918.74
11/28/2016,,,,3654.12,1908.25
11/29/2016,,,,3659.49,1910.61
11/30/2016,,,,3650.2,1905.33
12/1/2016,,,,3637.26,1898.5
12/2/2016,,,,3638.89,1899.35
12/5/2016,,,,3659.86,1910.11
12/6/2016,,,,3671.81,1916.3
12/7/2016,,,,3719.72,1940.94
12/8/2016,,,,3728.73,1945.42
12/9/2016,,,,3751.56,1957.31
12/12/2016,,,,3746.57,1954.61
12/13/2016,,,,3771.1,1967.07
12/14/2016,,,,3740.31,1950.88
12/15/2016,,,,3757.05,1959.49
12/16/2016,,,,3750.25,1955.89
12/19/2016,,,,3757.01,1959.36
12/20/2016,,,,3771.81,1966.78
12/21/2016,,,,3761.53,1961.37
12/22/2016,,,,3754.46,1957.43
12/23/2016,,,,3759.43,1959.83
12/27/2016,,,,3766.99,1963.75
12/28/2016,,,,3736,1947.23
12/29/2016,,,,3733.89,1946.06
12/30/2016,,,,3716,1936.67
1/3/2017,,,,3747.06,1952.81
1/4/2017,,,,3768.63,1963.61
1/5/2017,,,,3764.85,1961.62
1/6/2017,,,,3779.16,1968.47
1/9/2017,,,,3765.62,1961.41
1/10/2017,,,,3765.02,1961.08
1/11/2017,,,,3776.44,1966.83
1/12/2017,,,,3767.13,1961.97
1/13/2017,,,,3774.03,1965.56
1/17/2017,,,,3762.16,1959.38
1/18/2017,,,,3769.12,1962.69
1/19/2017,,,,3755.95,1955.78
1/20/2017,,,,3768.1,1962.07
1/23/2017,,,,3757.47,1956.49
1/24/2017,,,,3781.45,1968.97
1/25/2017,,,,3811.22,1984.46
1/26/2017,,,,3809.05,1983.28
1/27/2017,,,,3805.48,1981.33
1/30/2017,,,,3782.77,1969.41
1/31/2017,,,,3778.57,1967.23
2/1/2017,,,,3780.66,1967.88
2/2/2017,,,,3782.67,1968.8
2/3/2017,,,,3810.53,1983.13
2/6/2017,,,,3802.36,1978.87
2/7/2017,,,,3803.5,1979.36
2/8/2017,,,,3807.07,1980.58
2/9/2017,,,,3830.14,1992.21
2/10/2017,,,,3844.46,1999.53
2/13/2017,,,,3865.83,2010.12
2/14/2017,,,,3883.17,2018.53
2/15/2017,,,,3903.27,2028.69
2/16/2017,,,,3898.62,2026.09
2/17/2017,,,,3905.88,2029.81
2/21/2017,,,,3931.05,2042.86
2/22/2017,,,,3926.79,2040.45
2/23/2017,,,,3927.9,2040.8
2/24/2017,,,,3935.21,2044.1
2/27/2017,,,,3938.61,2045.58
2/28/2017,,,,3927.94,2039.98
3/1/2017,,,,3982.47,2067.93
3/2/2017,,,,3959.21,2055.68
3/3/2017,,,,3961.05,2056.58
3/6/2017,,,,3947.88,2049.7
3/7/2017,,,,3936.34,2043.57
3/8/2017,,,,3928.06,2038.68
3/9/2017,,,,3931.01,2040.19
3/10/2017,,,,3944.05,2046.93
3/13/2017,,,,3946.11,2047.33
3/14/2017,,,,3932.86,2040.36
3/15/2017,,,,3965.75,2057.35
3/16/2017,,,,3958.8,2053.69
3/17/2017,,,,3953.53,2050.95
3/20/2017,,,,3945.27,2046.61
3/21/2017,,,,3897.04,2021.42
3/22/2017,,,,3904.18,2025.06
3/23/2017,,,,3899.92,2022.82
3/24/2017,,,,3896.46,2021.03
3/27/2017,,,,3892.14,2018.81
3/28/2017,,,,3919.55,2033
3/29/2017,,,,3924.27,2035.01
3/30/2017,,,,3935.62,2040.83
3/31/2017,,,,3926.65,2036.16
4/3/2017,,,,3919.67,2032.44
4/4/2017,,,,3922.66,2033.66
4/5/2017,,,,3910.57,2027.19
4/6/2017,,,,3919.05,2030.98
4/7/2017,,,,3915.64,2029.2
4/10/2017,,,,3918.08,2030.34
4/11/2017,,,,3913.04,2027.45
4/12/2017,,,,3897.85,2019.54
4/13/2017,,,,3870.98,2005.62
4/17/2017,,,,3903.94,2022.69
4/18/2017,,,,3892.75,2016.84
4/19/2017,,,,3886.36,2013.25
4/20/2017,,,,3915.68,2028.41
4/21/2017,,,,3903.42,2022.04
4/24/2017,,,,3945.23,2043.69
4/25/2017,,,,3968.65,2055.84
4/26/2017,,,,3966.7,2054.79
4/27/2017,,,,3969.05,2055.8
4/28/2017,,,,3961.37,2051.8
5/1/2017,,,,3968,2055.23
5/2/2017,,,,3972.33,2057.48
5/3/2017,,,,3967.65,2054.65
5/4/2017,,,,3969.79,2055.64
5/5/2017,,,,3985.71,2063.86
5/8/2017,,,,3986.07,2063.83
5/9/2017,,,,3981.95,2061.61
5/10/2017,,,,3987.83,2063.85
5/11/2017,,,,3980.29,2059.29
5/12/2017,,,,3974.23,2056.13
5/15/2017,,,,3993.11,2065.65
5/16/2017,,,,3990.53,2063.94
5/17/2017,,,,3920.34,2027.06
5/18/2017,,,,3934.33,2034.25
5/19/2017,,,,3960.26,2047.63
5/22/2017,,,,3979.7,2057.66
5/23/2017,,,,3986.7,2061.22
5/24/2017,,,,3996.42,2066.16
5/25/2017,,,,4013.95,2074.95
5/26/2017,,,,4015.68,2075.57
5/30/2017,,,,4010.86,2072.76
5/31/2017,,,,4009.12,2071.58
6/1/2017,,,,4039.62,2087.09
6/2/2017,,,,4054.09,2094.53
6/5/2017,,,,4048.86,2091.75
6/6/2017,,,,4037.67,2085.96
6/7/2017,,,,4044.47,2089.04
6/8/2017,,,,4045.61,2089.57
6/9/2017,,,,4042.32,2087.86
6/12/2017,,,,4037.89,2085.42
6/13/2017,,,,4057.22,2094.86
6/14/2017,,,,4052.67,2092.38
6/15/2017,,,,4044.8,2087.9
6/16/2017,,,,4045.46,2088.24
6/19/2017,,,,4079.07,2105.56
6/20/2017,,,,4051.77,2091.43
6/21/2017,,,,4049.31,2089.98
6/22/2017,,,,4047.11,2088.83
6/23/2017,,,,4052.98,2091.87
6/26/2017,,,,4053.62,2092.17
6/27/2017,,,,4020.23,2074.96
6/28/2017,,,,4055.58,2092.82
6/29/2017,,,,4020.67,2074.75
6/30/2017,,,,4026.82,2077.82
,,,,,
,,,,,
,,,,,
"Source: S&P Dow Jones Indices LLC, a division of S&P Global.

 The launch date of the S&P 500 EUR Hdg was April 20, 2009.

All information presented prior to the index launch date is back-tested. Back-tested performance is not actual performance, but is hypothetical. The back-test calculations are based on the same methodology that was in effect when the index was officially launched. Past performance is not an indication or guarantee of future results.  Please see the Performance Disclosure at http://www.spindices.com/regulatory-affairs-disclaimers/ for more information regarding the inherent limitations associated with back-tested performance.

Copyright  2017 S&P Dow Jones Indices LLC, a division of S&P Global. All rights reserved. Redistribution or reproduction in whole or in part are prohibited without written permission. STANDARD & POORS and S&P are registered trademarks of Standard & Poors Financial Services LLC, a division of S&P Global (S&P); DOW JONES is a registered trademark of Dow Jones Trademark Holdings LLC (Dow Jones); and these trademarks have been licensed for use by S&P Dow Jones Indices LLC. S&P Dow Jones Indices LLC, Dow Jones, S&P and their respective affiliates (S&P Dow Jones Indices) and third party licensors makes no representation or warranty, express or implied, as to the ability of any index to accurately represent the asset class or market sector that it purports to represent and S&P Dow Jones Indices and its third party licensors shall have no liability for any errors, omissions, or interruptions of any index or the data included therein. Past performance of an index is not an indication or guarantee of future results. This document does not constitute an offer of any services. Except for certain custom index calculation services, all information provided by S&P Dow Jones Indices is general in nature and not tailored to the needs of any person, entity or group of persons. S&P Dow Jones Indices receives compensation in connection with licensing its indices to third parties and providing custom calculation services. It is not possible to invest directly in an index. Exposure to an asset class represented by an index may be available through investable instruments offered by third parties that are based on that index. S&P Dow Jones Indices does not sponsor, endorse, sell, promote or manage any investment fund or other investment product or vehicle that seeks to provide an investment return based on the performance of any Index. S&P Dow Jones Indices LLC is not an investment or tax advisor. S&P Dow Jones Indices makes no representation regarding the advisability of investing in any such investment fund or other investment product or vehicle. A tax advisor should be consulted to evaluate the impact of any tax-exempt securities on portfolios and the tax consequences of making any particular investment decision. Credit-related information and other analyses, including ratings, are generally provided by licensors and/or affiliates of S&P Dow Jones Indices. Any credit-related information and other related analyses and statements are opinions as of the date they are expressed and are not statements of fact. S&P Dow Jones Indices LLC is analytically separate and independent from any other analytical department. For more information on any of our indices please visit www.spdji.com.",,,,,
